"token","name","averageAge","measurementUnitAbbreviation","quantity030d","quantity3160d","quantity6190d","quantity91120d","quantityAbove120d","lastReceivedAtDate","valueAbove120d","value91120d","value6190d","value3160d","value030d","_meta"
"HU54JHNZWISUGI3A3464QQCR","10"" Quartz Crystal Singing Bowl, Solar Plexus Chakra (Regulate your","1.0","ea","1.00 ea","0.00 ea","0.00 ea","0.00 ea","0.00 ea","06/07/2025","$0","$0","$0","$0","$0",
"Q34ZD4RAC6HMJK243DNCSAXY","Default Title","1.0","ea","1.00 ea","0.00 ea","0.00 ea","0.00 ea","0.00 ea","06/07/2025","$0","$0","$0","$0","$0","{}"
"MPHYNO5A44P3ZIEDUOTVVWF3","10-Pcs Sleek Modern Pinky Flatware Silverware Flatware Set","1.0","ea","100.00 ea","0.00 ea","0.00 ea","0.00 ea","0.00 ea","06/07/2025","$0","$0","$0","$0","$0",
"DUZHJBBE4UY7QON43MGHI45R","-","1.0","ea","100.00 ea","0.00 ea","0.00 ea","0.00 ea","0.00 ea","06/07/2025","$0","$0","$0","$0","$0","{}"
"K3GIEYQGCTLBIUJFYEHCJL4Q","14 in 1 Outdoor Emergency Survival And Safety Gear Kit Camping","1.0","ea","100.00 ea","0.00 ea","0.00 ea","0.00 ea","0.00 ea","06/07/2025","$0","$0","$0","$0","$0",
"2QO5WBF22ICPC4OBCCSJSHEW","-","1.0","ea","100.00 ea","0.00 ea","0.00 ea","0.00 ea","0.00 ea","06/07/2025","$0","$0","$0","$0","$0","{}"
"7KRP5AZZJG57BTSXDG355ZJE","14-in-1+ Outdoor Emergency Survival Gear Kit – Tactical & Adventure Ready","27.0","ea","100.00 ea","0.00 ea","0.00 ea","0.00 ea","0.00 ea","05/12/2025","$0","$0","$0","$0","$0",
"VTR3KMSJI55PE67A4MSSKXN3","-","27.0","ea","100.00 ea","0.00 ea","0.00 ea","0.00 ea","0.00 ea","05/12/2025","$0","$0","$0","$0","$0","{}"
"GWEO7FKGI2Q5NVFTESEJXUVF","15cm Brass Singing Bowl – Handcrafted","29.0","ea","6.00 ea","0.00 ea","0.00 ea","0.00 ea","0.00 ea","05/11/2025","$0","$0","$0","$0","$0",
"NLNBRVKITO4ZNDMN3WVIAF6T","-","29.0","ea","6.00 ea","0.00 ea","0.00 ea","0.00 ea","0.00 ea","05/11/2025","$0","$0","$0","$0","$0","{}"
"IDFYM23PMIIG4TSXQUWV3EAH","2-Pack Rose Candles – Scented Mini Votives","29.0","ea","190.00 ea","0.00 ea","0.00 ea","0.00 ea","0.00 ea","05/10/2025","$0","$0","$0","$0","$0",
"PC53AJVTM35W5XRJHAES4BMU","3 Pcs of Pink Candle","29.0","ea","100.00 ea","0.00 ea","0.00 ea","0.00 ea","0.00 ea","05/10/2025","$0","$0","$0","$0","$0","{}"
"3YKHGTQ4JH7FATTE5HN3NDPZ","Pink&Yellow","29.0","ea","90.00 ea","0.00 ea","0.00 ea","0.00 ea","0.00 ea","05/10/2025","$0","$0","$0","$0","$0","{}"
"434AG2WCF5NPIBKRTWWTVQGO","2021 New Wireless Headset HIFI Stereo Bluetooth Headphones","29.0","ea","9880.00 ea","0.00 ea","0.00 ea","0.00 ea","0.00 ea","05/11/2025","$0","$0","$0","$0","$0",
"RFCERCH3HG52WB4JNRFBY22X","Black","29.0","ea","1987.00 ea","0.00 ea","0.00 ea","0.00 ea","0.00 ea","05/11/2025","$0","$0","$0","$0","$0","{}"
"G52K4BZL6RURMC4TAFLTZNBZ","Blue","29.0","ea","1997.00 ea","0.00 ea","0.00 ea","0.00 ea","0.00 ea","05/11/2025","$0","$0","$0","$0","$0","{}"
"AVBDBSDLLBOZQGU3Z7ERPCSY","Green","29.0","ea","1976.00 ea","0.00 ea","0.00 ea","0.00 ea","0.00 ea","05/11/2025","$0","$0","$0","$0","$0","{}"
"UQ5LACMDX7R4CZNNID4JNXO6","Red","29.0","ea","1996.00 ea","0.00 ea","0.00 ea","0.00 ea","0.00 ea","05/11/2025","$0","$0","$0","$0","$0","{}"
"DSIVSGG7VCDDY3ECS4JWB7C6","Silver","29.0","ea","1924.00 ea","0.00 ea","0.00 ea","0.00 ea","0.00 ea","05/11/2025","$0","$0","$0","$0","$0","{}"
"ECWJ2DKIOSIJ7QF2O3SN3X5Q","2–3"" Orange Selenite Sphere – Gazing & Energy Work","29.0","ea","723.00 ea","0.00 ea","0.00 ea","0.00 ea","0.00 ea","05/11/2025","$0","$0","$0","$0","$0",
"LER56UGGJV5J5VGZ2ZQTQB63","-","29.0","ea","723.00 ea","0.00 ea","0.00 ea","0.00 ea","0.00 ea","05/11/2025","$0","$0","$0","$0","$0","{}"
"ICQYC3OCECJIZXJD6A7C5LSV","3 Pcs California White Sage + Lavender Bundle Smudge 4""","29.0","ea","20.00 ea","0.00 ea","0.00 ea","0.00 ea","0.00 ea","05/11/2025","$0","$0","$0","$0","$0",
"ML3R7EQABCW45ERG5VSKO4X4","-","29.0","ea","20.00 ea","0.00 ea","0.00 ea","0.00 ea","0.00 ea","05/11/2025","$0","$0","$0","$0","$0","{}"
"M6WSHHYEFH5EZHBWHMRN7HXC","4 Pcs White Sage + Red Eucalyptus Bundle Smudge","29.0","ea","12.00 ea","0.00 ea","0.00 ea","0.00 ea","0.00 ea","05/11/2025","$0","$0","$0","$0","$0",
"4FVFQVHDAKHDGUCBWQ4FRAYT","-","29.0","ea","12.00 ea","0.00 ea","0.00 ea","0.00 ea","0.00 ea","05/11/2025","$0","$0","$0","$0","$0","{}"
"QKQPCTRNLJPMGZ5M6GUXQP65","7 Chakra Stones & Silver, Spiritual Jewelry, Chakra Bracelet","1.0","ea","1.00 ea","0.00 ea","0.00 ea","0.00 ea","0.00 ea","06/07/2025","$0","$0","$0","$0","$0",
"XY2EF3Z7XDQTI4TI5NWWPWMC","Default Title","1.0","ea","1.00 ea","0.00 ea","0.00 ea","0.00 ea","0.00 ea","06/07/2025","$0","$0","$0","$0","$0","{}"
"OWJDUFWWXBGITKOUSTAPAA6N","7 Chakras Engraved Crescent Moon Selenite Plate","29.0","ea","100.00 ea","0.00 ea","0.00 ea","0.00 ea","0.00 ea","05/11/2025","$0","$0","$0","$0","$0",
"TS5KP4NT37LGTLVV74T57CBS","shipping in the US.","29.0","ea","100.00 ea","0.00 ea","0.00 ea","0.00 ea","0.00 ea","05/11/2025","$0","$0","$0","$0","$0","{}"
"FZSYH6NYMYVAZ7KULUUVC6DE","925 Sterling Silver Heavy Plated Tennis Bracelet Featuring 50 Crystals","29.0","ea","5.00 ea","0.00 ea","0.00 ea","0.00 ea","0.00 ea","05/11/2025","$0","$0","$0","$0","$0",
"TPTAMV3BWGV2U6IIFDFOYWZT","Default Title","29.0","ea","5.00 ea","0.00 ea","0.00 ea","0.00 ea","0.00 ea","05/11/2025","$0","$0","$0","$0","$0","{}"
"EJ6FHGKZ6LO5PEAAKMSUVAJK","Abstract Neon Floral Delight","1.0","ea","3000.00 ea","0.00 ea","0.00 ea","0.00 ea","0.00 ea","06/07/2025","$0","$0","$0","$0","$0",
"S4ANJ6TUB276MMGPUNKGSYFN","37x52""","1.0","ea","1000.00 ea","0.00 ea","0.00 ea","0.00 ea","0.00 ea","06/07/2025","$0","$0","$0","$0","$0","{}"
"X4TED25BGWBCNENJU46TFSRM","50x60""","1.0","ea","1000.00 ea","0.00 ea","0.00 ea","0.00 ea","0.00 ea","06/07/2025","$0","$0","$0","$0","$0","{}"
"2DN26L3TXCH4YCPNFNYXPZ7G","60x80""","1.0","ea","1000.00 ea","0.00 ea","0.00 ea","0.00 ea","0.00 ea","06/07/2025","$0","$0","$0","$0","$0","{}"
"EU32KBWC7ZCYC32CY5RZXSLB","Abstract Neon Floral Delight","1.0","ea","90000.00 ea","0.00 ea","0.00 ea","0.00 ea","0.00 ea","06/07/2025","$0","$0","$0","$0","$0",
"SI22EY7T2X3PIUYNYYKPK7BZ","Double XL 33 x 46 Inches (A0), Black - 420269, No","1.0","ea","1000.00 ea","0.00 ea","0.00 ea","0.00 ea","0.00 ea","06/07/2025","$0","$0","$0","$0","$0","{}"
"7NXKX7DHJAQW3MGUNT6EFKMH","Double XL 33 x 46 Inches (A0), Black - 420269, Yes","1.0","ea","1000.00 ea","0.00 ea","0.00 ea","0.00 ea","0.00 ea","06/07/2025","$0","$0","$0","$0","$0","{}"
"RUPFBNTRMKLNRSSOFGVYNUB6","Double XL 33 x 46 Inches (A0), Gold - 204469, No","1.0","ea","1000.00 ea","0.00 ea","0.00 ea","0.00 ea","0.00 ea","06/07/2025","$0","$0","$0","$0","$0","{}"
"IKKDU6MTQKM35745OI4254BY","Double XL 33 x 46 Inches (A0), Gold - 204469, Yes","1.0","ea","1000.00 ea","0.00 ea","0.00 ea","0.00 ea","0.00 ea","06/07/2025","$0","$0","$0","$0","$0","{}"
"MQ63D5O227FDBSVJGDCDGROZ","Double XL 33 x 46 Inches (A0), Gold - 422969, No","1.0","ea","1000.00 ea","0.00 ea","0.00 ea","0.00 ea","0.00 ea","06/07/2025","$0","$0","$0","$0","$0","{}"
"VP6WML6ORHHAXMNBSEVQZQGE","Double XL 33 x 46 Inches (A0), Gold - 422969, Yes","1.0","ea","1000.00 ea","0.00 ea","0.00 ea","0.00 ea","0.00 ea","06/07/2025","$0","$0","$0","$0","$0","{}"
"EKDJ2SBWKP7OWLQMGFO45QLG","Double XL 33 x 46 Inches (A0), Gunmetal - 121569, No","1.0","ea","1000.00 ea","0.00 ea","0.00 ea","0.00 ea","0.00 ea","06/07/2025","$0","$0","$0","$0","$0","{}"
"WJ5SYFV4B7II4R35DUSOEYWO","Double XL 33 x 46 Inches (A0), Gunmetal - 121569, Yes","1.0","ea","1000.00 ea","0.00 ea","0.00 ea","0.00 ea","0.00 ea","06/07/2025","$0","$0","$0","$0","$0","{}"
"L7XBTZUVZV7GROC3BYRSIAFP","Double XL 33 x 46 Inches (A0), Matte Black - 204369, No","1.0","ea","1000.00 ea","0.00 ea","0.00 ea","0.00 ea","0.00 ea","06/07/2025","$0","$0","$0","$0","$0","{}"
"6ZWILE57PHKLCEXFZIO33UX7","Double XL 33 x 46 Inches (A0), Matte Black - 204369, Yes","1.0","ea","1000.00 ea","0.00 ea","0.00 ea","0.00 ea","0.00 ea","06/07/2025","$0","$0","$0","$0","$0","{}"
"SNYFMEFATBADXDW2BV4TRQUF","Double XL 33 x 46 Inches (A0), Silver - 204569, No","1.0","ea","1000.00 ea","0.00 ea","0.00 ea","0.00 ea","0.00 ea","06/07/2025","$0","$0","$0","$0","$0","{}"
"U6JWQLV5LECP6E6DYENCFGTL","Double XL 33 x 46 Inches (A0), Silver - 204569, Yes","1.0","ea","1000.00 ea","0.00 ea","0.00 ea","0.00 ea","0.00 ea","06/07/2025","$0","$0","$0","$0","$0","{}"
"BYVRLGNBBY7OW6X2JHGKG3AJ","Double XL 33 x 46 Inches (A0), Teak - 123869, No","1.0","ea","1000.00 ea","0.00 ea","0.00 ea","0.00 ea","0.00 ea","06/07/2025","$0","$0","$0","$0","$0","{}"
"E6VS4QUOC6GUOGQ3VJT6YZZI","Double XL 33 x 46 Inches (A0), Teak - 123869, Yes","1.0","ea","1000.00 ea","0.00 ea","0.00 ea","0.00 ea","0.00 ea","06/07/2025","$0","$0","$0","$0","$0","{}"
"O67U2Y2OC6VOSXZM6WOIXD5O","Double XL 33 x 46 Inches (A0), White - 105969, No","1.0","ea","1000.00 ea","0.00 ea","0.00 ea","0.00 ea","0.00 ea","06/07/2025","$0","$0","$0","$0","$0","{}"
"SZUP354C4DAKN3ZYKIU6WVYS","Double XL 33 x 46 Inches (A0), White - 105969, Yes","1.0","ea","1000.00 ea","0.00 ea","0.00 ea","0.00 ea","0.00 ea","06/07/2025","$0","$0","$0","$0","$0","{}"
"6HMZM3SGD7VEWK46OPTTEVEX","Double XL 33 x 46 Inches (A0), White - 471769, No","1.0","ea","1000.00 ea","0.00 ea","0.00 ea","0.00 ea","0.00 ea","06/07/2025","$0","$0","$0","$0","$0","{}"
"ISWJSL4MDPJVSRNBZTZMDBW2","Double XL 33 x 46 Inches (A0), White - 471769, Yes","1.0","ea","1000.00 ea","0.00 ea","0.00 ea","0.00 ea","0.00 ea","06/07/2025","$0","$0","$0","$0","$0","{}"
"IYJP65BFFBPVJ45LHDZRVZBT","Extra Large 24 x 33 Inches (A1), Black - 420269, No","1.0","ea","1000.00 ea","0.00 ea","0.00 ea","0.00 ea","0.00 ea","06/07/2025","$0","$0","$0","$0","$0","{}"
"SCOKBNBXE5U5KJKDMGTK3NAD","Extra Large 24 x 33 Inches (A1), Black - 420269, Yes","1.0","ea","1000.00 ea","0.00 ea","0.00 ea","0.00 ea","0.00 ea","06/07/2025","$0","$0","$0","$0","$0","{}"
"CMVGZRUM4UCJSWUOQCJF6G3D","Extra Large 24 x 33 Inches (A1), Gold - 204469, No","1.0","ea","1000.00 ea","0.00 ea","0.00 ea","0.00 ea","0.00 ea","06/07/2025","$0","$0","$0","$0","$0","{}"
"6BZJPFJTX7SXXPEDEQIAJ4G3","Extra Large 24 x 33 Inches (A1), Gold - 204469, Yes","1.0","ea","1000.00 ea","0.00 ea","0.00 ea","0.00 ea","0.00 ea","06/07/2025","$0","$0","$0","$0","$0","{}"
"VGOCC4AG246V6LLE6DW7IEQ2","Extra Large 24 x 33 Inches (A1), Gold - 422969, No","1.0","ea","1000.00 ea","0.00 ea","0.00 ea","0.00 ea","0.00 ea","06/07/2025","$0","$0","$0","$0","$0","{}"
"WDDFD7ZBMUOYB4RWAH2L2FT5","Extra Large 24 x 33 Inches (A1), Gold - 422969, Yes","1.0","ea","1000.00 ea","0.00 ea","0.00 ea","0.00 ea","0.00 ea","06/07/2025","$0","$0","$0","$0","$0","{}"
"UF7Y5JEZD54XNLGYQV3XOMWK","Extra Large 24 x 33 Inches (A1), Gunmetal - 121569, No","1.0","ea","1000.00 ea","0.00 ea","0.00 ea","0.00 ea","0.00 ea","06/07/2025","$0","$0","$0","$0","$0","{}"
"G5PBDC46UD6ORUPIK5YW57LU","Extra Large 24 x 33 Inches (A1), Gunmetal - 121569, Yes","1.0","ea","1000.00 ea","0.00 ea","0.00 ea","0.00 ea","0.00 ea","06/07/2025","$0","$0","$0","$0","$0","{}"
"TPSOVR6WWQ44ZTMSHGYFXVRD","Extra Large 24 x 33 Inches (A1), Matte Black - 204369, No","1.0","ea","1000.00 ea","0.00 ea","0.00 ea","0.00 ea","0.00 ea","06/07/2025","$0","$0","$0","$0","$0","{}"
"QKUBTQO2W4CLH4F2I55BEWZT","Extra Large 24 x 33 Inches (A1), Matte Black - 204369, Yes","1.0","ea","1000.00 ea","0.00 ea","0.00 ea","0.00 ea","0.00 ea","06/07/2025","$0","$0","$0","$0","$0","{}"
"QME7MVKTFAYGYMXROP5IFYLU","Extra Large 24 x 33 Inches (A1), Silver - 204569, No","1.0","ea","1000.00 ea","0.00 ea","0.00 ea","0.00 ea","0.00 ea","06/07/2025","$0","$0","$0","$0","$0","{}"
"5XOEEKI6JVKORZK3LDPAIKTY","Extra Large 24 x 33 Inches (A1), Silver - 204569, Yes","1.0","ea","1000.00 ea","0.00 ea","0.00 ea","0.00 ea","0.00 ea","06/07/2025","$0","$0","$0","$0","$0","{}"
"ZSWRQEIH5P2DPYYRC7JMOCWT","Extra Large 24 x 33 Inches (A1), Teak - 123869, No","1.0","ea","1000.00 ea","0.00 ea","0.00 ea","0.00 ea","0.00 ea","06/07/2025","$0","$0","$0","$0","$0","{}"
"XM35OBSZ5H3QWOAKEM3TAE3D","Extra Large 24 x 33 Inches (A1), Teak - 123869, Yes","1.0","ea","1000.00 ea","0.00 ea","0.00 ea","0.00 ea","0.00 ea","06/07/2025","$0","$0","$0","$0","$0","{}"
"5QT3HPMERYPQ2Y4UYXJCTEAU","Extra Large 24 x 33 Inches (A1), White - 105969, No","1.0","ea","1000.00 ea","0.00 ea","0.00 ea","0.00 ea","0.00 ea","06/07/2025","$0","$0","$0","$0","$0","{}"
"ZVVMQP64W7WSZPWKMB2FXQP2","Extra Large 24 x 33 Inches (A1), White - 105969, Yes","1.0","ea","1000.00 ea","0.00 ea","0.00 ea","0.00 ea","0.00 ea","06/07/2025","$0","$0","$0","$0","$0","{}"
"LHTKOMWMHZXRPU67G5PU5SOW","Extra Large 24 x 33 Inches (A1), White - 471769, No","1.0","ea","1000.00 ea","0.00 ea","0.00 ea","0.00 ea","0.00 ea","06/07/2025","$0","$0","$0","$0","$0","{}"
"F3AXKAJZ355BGKK3VIDRJ52F","Extra Large 24 x 33 Inches (A1), White - 471769, Yes","1.0","ea","1000.00 ea","0.00 ea","0.00 ea","0.00 ea","0.00 ea","06/07/2025","$0","$0","$0","$0","$0","{}"
"EKMYNRVWKIQ4XQXCYMVCSCKT","Large 16 x 24 Inches (A2), Black - 420269, No","1.0","ea","1000.00 ea","0.00 ea","0.00 ea","0.00 ea","0.00 ea","06/07/2025","$0","$0","$0","$0","$0","{}"
"PL3SGKMOIVSYVIMADWVG6XHW","Large 16 x 24 Inches (A2), Black - 420269, Yes","1.0","ea","1000.00 ea","0.00 ea","0.00 ea","0.00 ea","0.00 ea","06/07/2025","$0","$0","$0","$0","$0","{}"
"6LXUYEAPHGVBYZRVX2CDWUPG","Large 16 x 24 Inches (A2), Gold - 204469, No","1.0","ea","1000.00 ea","0.00 ea","0.00 ea","0.00 ea","0.00 ea","06/07/2025","$0","$0","$0","$0","$0","{}"
"326PLNVNZDMV7Y3ZW5GRSAST","Large 16 x 24 Inches (A2), Gold - 204469, Yes","1.0","ea","1000.00 ea","0.00 ea","0.00 ea","0.00 ea","0.00 ea","06/07/2025","$0","$0","$0","$0","$0","{}"
"L224ISQV2T63J6C5B2FMTJRF","Large 16 x 24 Inches (A2), Gold - 422969, No","1.0","ea","1000.00 ea","0.00 ea","0.00 ea","0.00 ea","0.00 ea","06/07/2025","$0","$0","$0","$0","$0","{}"
"FK3NPRO2OUSHBJ2YZIB5FJ7S","Large 16 x 24 Inches (A2), Gold - 422969, Yes","1.0","ea","1000.00 ea","0.00 ea","0.00 ea","0.00 ea","0.00 ea","06/07/2025","$0","$0","$0","$0","$0","{}"
"5RYAGLRCPY3YIBBOIM4KWV4H","Large 16 x 24 Inches (A2), Gunmetal - 121569, No","1.0","ea","1000.00 ea","0.00 ea","0.00 ea","0.00 ea","0.00 ea","06/07/2025","$0","$0","$0","$0","$0","{}"
"7WDBQ6FLIKSRVRXPYNR54HC6","Large 16 x 24 Inches (A2), Gunmetal - 121569, Yes","1.0","ea","1000.00 ea","0.00 ea","0.00 ea","0.00 ea","0.00 ea","06/07/2025","$0","$0","$0","$0","$0","{}"
"SZDXYR25X2YKBRV7YJVHGL43","Large 16 x 24 Inches (A2), Matte Black - 204369, No","1.0","ea","1000.00 ea","0.00 ea","0.00 ea","0.00 ea","0.00 ea","06/07/2025","$0","$0","$0","$0","$0","{}"
"WUKA4YBFSWXSHBCHZS2NGF7B","Large 16 x 24 Inches (A2), Matte Black - 204369, Yes","1.0","ea","1000.00 ea","0.00 ea","0.00 ea","0.00 ea","0.00 ea","06/07/2025","$0","$0","$0","$0","$0","{}"
"NPUYGZWL2NHLSLZMSMQCNCDO","Large 16 x 24 Inches (A2), Silver - 204569, No","1.0","ea","1000.00 ea","0.00 ea","0.00 ea","0.00 ea","0.00 ea","06/07/2025","$0","$0","$0","$0","$0","{}"
"JH5BLAZTETHYD3WMTRCLCJ4C","Large 16 x 24 Inches (A2), Silver - 204569, Yes","1.0","ea","1000.00 ea","0.00 ea","0.00 ea","0.00 ea","0.00 ea","06/07/2025","$0","$0","$0","$0","$0","{}"
"3CIVBWZA367Y6DUBCRJ2TWFP","Large 16 x 24 Inches (A2), Teak - 123869, No","1.0","ea","1000.00 ea","0.00 ea","0.00 ea","0.00 ea","0.00 ea","06/07/2025","$0","$0","$0","$0","$0","{}"
"VU26A4HQZUCWZ5ZER65PACRW","Large 16 x 24 Inches (A2), Teak - 123869, Yes","1.0","ea","1000.00 ea","0.00 ea","0.00 ea","0.00 ea","0.00 ea","06/07/2025","$0","$0","$0","$0","$0","{}"
"OCC63A64R4E4EC2PF6STO2CG","Large 16 x 24 Inches (A2), White - 105969, No","1.0","ea","1000.00 ea","0.00 ea","0.00 ea","0.00 ea","0.00 ea","06/07/2025","$0","$0","$0","$0","$0","{}"
"FH26HAQXBGT7YG7SX5ONQ7XH","Large 16 x 24 Inches (A2), White - 105969, Yes","1.0","ea","1000.00 ea","0.00 ea","0.00 ea","0.00 ea","0.00 ea","06/07/2025","$0","$0","$0","$0","$0","{}"
"32FODAEL7W66I3FLFJ3WIXM3","Large 16 x 24 Inches (A2), White - 471769, No","1.0","ea","1000.00 ea","0.00 ea","0.00 ea","0.00 ea","0.00 ea","06/07/2025","$0","$0","$0","$0","$0","{}"
"57ZMOY6J524V2A4POS5RPNX6","Large 16 x 24 Inches (A2), White - 471769, Yes","1.0","ea","1000.00 ea","0.00 ea","0.00 ea","0.00 ea","0.00 ea","06/07/2025","$0","$0","$0","$0","$0","{}"
"TDX4DGAHPY5CDMSF3NKNHZK6","Medium 12 x 16 Inches (A3), Black - 420269, No","1.0","ea","1000.00 ea","0.00 ea","0.00 ea","0.00 ea","0.00 ea","06/07/2025","$0","$0","$0","$0","$0","{}"
"EFO5EASTAYBLL3VLBABX7WYA","Medium 12 x 16 Inches (A3), Black - 420269, Yes","1.0","ea","1000.00 ea","0.00 ea","0.00 ea","0.00 ea","0.00 ea","06/07/2025","$0","$0","$0","$0","$0","{}"
"XBPLYDVN2VFMYNXAM6Q2ESY7","Medium 12 x 16 Inches (A3), Gold - 204469, No","1.0","ea","1000.00 ea","0.00 ea","0.00 ea","0.00 ea","0.00 ea","06/07/2025","$0","$0","$0","$0","$0","{}"
"F64BTV5UUHZB52HENUZUDKER","Medium 12 x 16 Inches (A3), Gold - 204469, Yes","1.0","ea","1000.00 ea","0.00 ea","0.00 ea","0.00 ea","0.00 ea","06/07/2025","$0","$0","$0","$0","$0","{}"
"5XZDHLAECH2KY5ROVLAZD64R","Medium 12 x 16 Inches (A3), Gold - 422969, No","1.0","ea","1000.00 ea","0.00 ea","0.00 ea","0.00 ea","0.00 ea","06/07/2025","$0","$0","$0","$0","$0","{}"
"FOA2T3M3VFI5V5W5RJEGSDAX","Medium 12 x 16 Inches (A3), Gold - 422969, Yes","1.0","ea","1000.00 ea","0.00 ea","0.00 ea","0.00 ea","0.00 ea","06/07/2025","$0","$0","$0","$0","$0","{}"
"UVPD4MGUKMFBAXGRYS2QFYBQ","Medium 12 x 16 Inches (A3), Gunmetal - 121569, No","1.0","ea","1000.00 ea","0.00 ea","0.00 ea","0.00 ea","0.00 ea","06/07/2025","$0","$0","$0","$0","$0","{}"
"DBDLTR26GVXM5OZUTW6B5FWR","Medium 12 x 16 Inches (A3), Gunmetal - 121569, Yes","1.0","ea","1000.00 ea","0.00 ea","0.00 ea","0.00 ea","0.00 ea","06/07/2025","$0","$0","$0","$0","$0","{}"
"LBQ2QRABAKXV3JX46PWPQNJ5","Medium 12 x 16 Inches (A3), Matte Black - 204369, No","1.0","ea","1000.00 ea","0.00 ea","0.00 ea","0.00 ea","0.00 ea","06/07/2025","$0","$0","$0","$0","$0","{}"
"BSU2YOZHDOB5Y7DBDW45GQWL","Medium 12 x 16 Inches (A3), Matte Black - 204369, Yes","1.0","ea","1000.00 ea","0.00 ea","0.00 ea","0.00 ea","0.00 ea","06/07/2025","$0","$0","$0","$0","$0","{}"
"AIAMW2AWHHB4DFFPWDXRFMOT","Medium 12 x 16 Inches (A3), Silver - 204569, No","1.0","ea","1000.00 ea","0.00 ea","0.00 ea","0.00 ea","0.00 ea","06/07/2025","$0","$0","$0","$0","$0","{}"
"BB7PDMJUIC26H6UFH5JLF2EX","Medium 12 x 16 Inches (A3), Silver - 204569, Yes","1.0","ea","1000.00 ea","0.00 ea","0.00 ea","0.00 ea","0.00 ea","06/07/2025","$0","$0","$0","$0","$0","{}"
"Z2ZYAIO3XGRLKYI2LRQU42OP","Medium 12 x 16 Inches (A3), Teak - 123869, No","1.0","ea","1000.00 ea","0.00 ea","0.00 ea","0.00 ea","0.00 ea","06/07/2025","$0","$0","$0","$0","$0","{}"
"PVWGEHXYNXG6SJSROT43IRU4","Medium 12 x 16 Inches (A3), Teak - 123869, Yes","1.0","ea","1000.00 ea","0.00 ea","0.00 ea","0.00 ea","0.00 ea","06/07/2025","$0","$0","$0","$0","$0","{}"
"GIBR7IFBMEOGU7SREMONTFUV","Medium 12 x 16 Inches (A3), White - 105969, No","1.0","ea","1000.00 ea","0.00 ea","0.00 ea","0.00 ea","0.00 ea","06/07/2025","$0","$0","$0","$0","$0","{}"
"7F5WDJOCRXHH72HLVHVQ6HOU","Medium 12 x 16 Inches (A3), White - 105969, Yes","1.0","ea","1000.00 ea","0.00 ea","0.00 ea","0.00 ea","0.00 ea","06/07/2025","$0","$0","$0","$0","$0","{}"
"WYIGKW46H2ZBTNAVH6VDNDML","Medium 12 x 16 Inches (A3), White - 471769, No","1.0","ea","1000.00 ea","0.00 ea","0.00 ea","0.00 ea","0.00 ea","06/07/2025","$0","$0","$0","$0","$0","{}"
"6EF5K7CRIJIJX6YLHLR2JWKO","Medium 12 x 16 Inches (A3), White - 471769, Yes","1.0","ea","1000.00 ea","0.00 ea","0.00 ea","0.00 ea","0.00 ea","06/07/2025","$0","$0","$0","$0","$0","{}"
"BDKL3WEODM34CIIX25IWESMN","Small 8 x 12 Inches (A4), Black - 420269, No","1.0","ea","1000.00 ea","0.00 ea","0.00 ea","0.00 ea","0.00 ea","06/07/2025","$0","$0","$0","$0","$0","{}"
"7SB2OGDYL5P5GQG2T5RUZENL","Small 8 x 12 Inches (A4), Black - 420269, Yes","1.0","ea","1000.00 ea","0.00 ea","0.00 ea","0.00 ea","0.00 ea","06/07/2025","$0","$0","$0","$0","$0","{}"
"FVXAHAGPUYZ2VIH5DE27DWHA","Small 8 x 12 Inches (A4), Gold - 204469, No","1.0","ea","1000.00 ea","0.00 ea","0.00 ea","0.00 ea","0.00 ea","06/07/2025","$0","$0","$0","$0","$0","{}"
"LPSMCTC2IKBALSJBG2Q7GDNV","Small 8 x 12 Inches (A4), Gold - 204469, Yes","1.0","ea","1000.00 ea","0.00 ea","0.00 ea","0.00 ea","0.00 ea","06/07/2025","$0","$0","$0","$0","$0","{}"
"VJ5IUNGYMMCSJIAUEC7BWNSF","Small 8 x 12 Inches (A4), Gold - 422969, No","1.0","ea","1000.00 ea","0.00 ea","0.00 ea","0.00 ea","0.00 ea","06/07/2025","$0","$0","$0","$0","$0","{}"
"VRTF4RCGTPMYTDKCRW2KISZB","Small 8 x 12 Inches (A4), Gold - 422969, Yes","1.0","ea","1000.00 ea","0.00 ea","0.00 ea","0.00 ea","0.00 ea","06/07/2025","$0","$0","$0","$0","$0","{}"
"TUGKR4HW6S7ORZPVNCI52MZA","Small 8 x 12 Inches (A4), Gunmetal - 121569, No","1.0","ea","1000.00 ea","0.00 ea","0.00 ea","0.00 ea","0.00 ea","06/07/2025","$0","$0","$0","$0","$0","{}"
"PDI7QQT3S6BOOWOIKAORKZNB","Small 8 x 12 Inches (A4), Gunmetal - 121569, Yes","1.0","ea","1000.00 ea","0.00 ea","0.00 ea","0.00 ea","0.00 ea","06/07/2025","$0","$0","$0","$0","$0","{}"
"GFV5JHPZRL34ETTBBFDBV2UZ","Small 8 x 12 Inches (A4), Matte Black - 204369, No","1.0","ea","1000.00 ea","0.00 ea","0.00 ea","0.00 ea","0.00 ea","06/07/2025","$0","$0","$0","$0","$0","{}"
"TL4Q536L4XLUMEUQRP5B5E3I","Small 8 x 12 Inches (A4), Matte Black - 204369, Yes","1.0","ea","1000.00 ea","0.00 ea","0.00 ea","0.00 ea","0.00 ea","06/07/2025","$0","$0","$0","$0","$0","{}"
"RYAMWBQWBEANWVFVEUFIOPY4","Small 8 x 12 Inches (A4), Silver - 204569, No","1.0","ea","1000.00 ea","0.00 ea","0.00 ea","0.00 ea","0.00 ea","06/07/2025","$0","$0","$0","$0","$0","{}"
"3QVUGW7D5EDLVITFHZO2NKPC","Small 8 x 12 Inches (A4), Silver - 204569, Yes","1.0","ea","1000.00 ea","0.00 ea","0.00 ea","0.00 ea","0.00 ea","06/07/2025","$0","$0","$0","$0","$0","{}"
"FU56JTKZ5RIUTINZUIS46NTR","Small 8 x 12 Inches (A4), Teak - 123869, No","1.0","ea","1000.00 ea","0.00 ea","0.00 ea","0.00 ea","0.00 ea","06/07/2025","$0","$0","$0","$0","$0","{}"
"YBC6C2O6MHVWCTO4J24PLWL6","Small 8 x 12 Inches (A4), Teak - 123869, Yes","1.0","ea","1000.00 ea","0.00 ea","0.00 ea","0.00 ea","0.00 ea","06/07/2025","$0","$0","$0","$0","$0","{}"
"WBMJBBEDEZTELYWEZKNPSOIS","Small 8 x 12 Inches (A4), White - 105969, No","1.0","ea","1000.00 ea","0.00 ea","0.00 ea","0.00 ea","0.00 ea","06/07/2025","$0","$0","$0","$0","$0","{}"
"ZVC5B6TS6P7GZ256G3M6QIZV","Small 8 x 12 Inches (A4), White - 105969, Yes","1.0","ea","1000.00 ea","0.00 ea","0.00 ea","0.00 ea","0.00 ea","06/07/2025","$0","$0","$0","$0","$0","{}"
"SX35APMTRKG33WZSZFJOV3UJ","Small 8 x 12 Inches (A4), White - 471769, No","1.0","ea","1000.00 ea","0.00 ea","0.00 ea","0.00 ea","0.00 ea","06/07/2025","$0","$0","$0","$0","$0","{}"
"J5EXJKAVZXZOQHECFRYPMVPO","Small 8 x 12 Inches (A4), White - 471769, Yes","1.0","ea","1000.00 ea","0.00 ea","0.00 ea","0.00 ea","0.00 ea","06/07/2025","$0","$0","$0","$0","$0","{}"
"3WVEMRASMN7MTNKMI6HXTT4U","Abundance Candle / Ritual Candle / Intention Candle / Hand Poured","29.0","ea","189.00 ea","0.00 ea","0.00 ea","0.00 ea","0.00 ea","05/10/2025","$0","$0","$0","$0","$0",
"ZWV6HX3S7IM4AT3WZNKAWZOX","One Abundance Candle","29.0","ea","93.00 ea","0.00 ea","0.00 ea","0.00 ea","0.00 ea","05/10/2025","$0","$0","$0","$0","$0","{}"
"NM4E3RPGIJYOZBP34RFIVUYK","One Full Candle Set","29.0","ea","96.00 ea","0.00 ea","0.00 ea","0.00 ea","0.00 ea","05/10/2025","$0","$0","$0","$0","$0","{}"
"67P2NGY3I6QESHSBRMUBND4L","Activated Charcoal Soap - Natural Handmade Soap","29.0","ea","119.00 ea","0.00 ea","0.00 ea","0.00 ea","0.00 ea","05/11/2025","$0","$0","$0","$0","$0",
"JRGAJL6M6OPW6Z5X23H4ULFD","Activated Charcoal Soap","29.0","ea","119.00 ea","0.00 ea","0.00 ea","0.00 ea","0.00 ea","05/11/2025","$0","$0","$0","$0","$0","{}"
"7FQIQEZFZSAM4XXCXSNB5UJB","Adjustable Anxiety Diffusing Lava Stone Bracelet w/Turquoise Stones","29.0","ea","15.00 ea","0.00 ea","0.00 ea","0.00 ea","0.00 ea","05/10/2025","$0","$0","$0","$0","$0",
"6F5TQ6YNM5L6JPOHF33F33VC","-","29.0","ea","15.00 ea","0.00 ea","0.00 ea","0.00 ea","0.00 ea","05/10/2025","$0","$0","$0","$0","$0","{}"
"3GJPSALKJ637VWFFYZXAOVR3","Affirmation Cards for Entrepreneurs","29.0","ea","99.00 ea","0.00 ea","0.00 ea","0.00 ea","0.00 ea","05/11/2025","$0","$0","$0","$0","$0",
"JRLD76LQWSSCTHG6EGSVKICL","-","29.0","ea","99.00 ea","0.00 ea","0.00 ea","0.00 ea","0.00 ea","05/11/2025","$0","$0","$0","$0","$0","{}"
"FAIAJBWM3HBDGVQ6HZUYKUYG","Alchemical Visions tarot (dk & bk)  by Arthur Taussig","29.0","ea","6.00 ea","0.00 ea","0.00 ea","0.00 ea","0.00 ea","05/11/2025","$0","$0","$0","$0","$0",
"IWMDOV54ODDJJ5WRPV4AI7YA","-","29.0","ea","6.00 ea","0.00 ea","0.00 ea","0.00 ea","0.00 ea","05/11/2025","$0","$0","$0","$0","$0","{}"
"D7TBWT65AUGH77473SBQL2OU","Amethyst Butterfly Bracelet – Bohemian Gemstone Wrap","2.0","ea","100.00 ea","0.00 ea","0.00 ea","0.00 ea","0.00 ea","06/07/2025","$0","$0","$0","$0","$0",
"H4FXML26VZWFGQ5UJGTEMXDN","Amethyst","2.0","ea","100.00 ea","0.00 ea","0.00 ea","0.00 ea","0.00 ea","06/07/2025","$0","$0","$0","$0","$0","{}"
"TTTOREGFQ7CEW2SXNYZZ2QSW","Amethyst Lamp","2.0","ea","1.00 ea","0.00 ea","0.00 ea","0.00 ea","0.00 ea","06/07/2025","$0","$0","$0","$0","$0",
"JZA5FQLFRBN7GLSRIUXCRL42","Default Title","2.0","ea","1.00 ea","0.00 ea","0.00 ea","0.00 ea","0.00 ea","06/07/2025","$0","$0","$0","$0","$0","{}"
"JGRRCNEFICJDBJYQYDQGUWYQ","Amethyst Stone Home Decoration","1.0","ea","1.00 ea","0.00 ea","0.00 ea","0.00 ea","0.00 ea","06/07/2025","$0","$0","$0","$0","$0",
"3CBKDBSUPFHFUY6QY4YVVF3B","Default Title","1.0","ea","1.00 ea","0.00 ea","0.00 ea","0.00 ea","0.00 ea","06/07/2025","$0","$0","$0","$0","$0","{}"
"WQEJ6UMORFIZT5WQZK3WCVVL","Anti Cellulite Slimming Body Sculpting Hot Cream Firming Body Lotion","1.0","ea","991.00 ea","0.00 ea","0.00 ea","0.00 ea","0.00 ea","06/07/2025","$0","$0","$0","$0","$0",
"7FZFJMEOYP5O7TWACYFOVQR6","1PCS","1.0","ea","461.00 ea","0.00 ea","0.00 ea","0.00 ea","0.00 ea","06/07/2025","$0","$0","$0","$0","$0","{}"
"RGCR44D2AXASULF2KZ6TLBEF","2PCS","1.0","ea","355.00 ea","0.00 ea","0.00 ea","0.00 ea","0.00 ea","06/07/2025","$0","$0","$0","$0","$0","{}"
"7ECXYOWB6AI5MGG7IIQFU5UV","3PCS","1.0","ea","175.00 ea","0.00 ea","0.00 ea","0.00 ea","0.00 ea","06/07/2025","$0","$0","$0","$0","$0","{}"
"W6YF3RV5UYWE2SOCSR7U7GUW","Art Decorative Glass Vase 5578/180/Sh257","1.0","ea","1.00 ea","0.00 ea","0.00 ea","0.00 ea","0.00 ea","06/07/2025","$0","$0","$0","$0","$0",
"CSXFOX24IWE3PYGW3J5HUKEU","small, black, 180","1.0","ea","1.00 ea","0.00 ea","0.00 ea","0.00 ea","0.00 ea","06/07/2025","$0","$0","$0","$0","$0","{}"
"YXKNH66DAZPLEXOIMJHCYBXF","Art Decorative Glass Vase 7011/250/Sh164","1.0","ea","1.00 ea","0.00 ea","0.00 ea","0.00 ea","0.00 ea","06/07/2025","$0","$0","$0","$0","$0",
"KPZADQCKZZO5FJA6XX3ZQTBM","medium, pink, 250","1.0","ea","1.00 ea","0.00 ea","0.00 ea","0.00 ea","0.00 ea","06/07/2025","$0","$0","$0","$0","$0","{}"
"SBSTQCRZH2WTOBVXQ6LRMVMS","Aura's Incense Holder & Candle Pillar Holder","29.0","ea","4.00 ea","0.00 ea","0.00 ea","0.00 ea","0.00 ea","05/11/2025","$0","$0","$0","$0","$0",
"ENZ2QHKFGCGSXTGZR63MOFDD","Grey","29.0","ea","1.00 ea","0.00 ea","0.00 ea","0.00 ea","0.00 ea","05/11/2025","$0","$0","$0","$0","$0","{}"
"R4RAIGUBDQ2W56LHNKUUNVOM","Pigment Green","29.0","ea","1.00 ea","0.00 ea","0.00 ea","0.00 ea","0.00 ea","05/11/2025","$0","$0","$0","$0","$0","{}"
"55M7WXELBXERDEKQD6EX5SGH","White","29.0","ea","2.00 ea","0.00 ea","0.00 ea","0.00 ea","0.00 ea","05/11/2025","$0","$0","$0","$0","$0","{}"
"5I64ODAQBHFJQ2PM7WUUL357","Balance Your Energy - Seven Chakra Crystal Infused Candle","29.0","ea","1.00 ea","0.00 ea","0.00 ea","0.00 ea","0.00 ea","05/11/2025","$0","$0","$0","$0","$0",
"KMTWPFCLL43XUH32OA2YA6HW","-","29.0","ea","1.00 ea","0.00 ea","0.00 ea","0.00 ea","0.00 ea","05/11/2025","$0","$0","$0","$0","$0","{}"
"RKKBGKGYS6JLPI2Y5Y7KHMUD","Be Kind T-shirt","2.0","ea","76887.00 ea","0.00 ea","0.00 ea","0.00 ea","0.00 ea","06/07/2025","$0","$0","$0","$0","$0",
"U4JHVIFSHV35DOEIPZMB7S65","2XL, Black","2.0","ea","995.00 ea","0.00 ea","0.00 ea","0.00 ea","0.00 ea","06/07/2025","$0","$0","$0","$0","$0","{}"
"D7N5KHCCKDSSEBIMRIVKSPN2","2XL, Dark Gray","2.0","ea","1000.00 ea","0.00 ea","0.00 ea","0.00 ea","0.00 ea","06/07/2025","$0","$0","$0","$0","$0","{}"
"KCFM7DPL657CHE6A2UQVLUDX","2XL, Deep Heather","2.0","ea","1000.00 ea","0.00 ea","0.00 ea","0.00 ea","0.00 ea","06/07/2025","$0","$0","$0","$0","$0","{}"
"IRSE5ALJLEYXD3TRYC3GBCG3","2XL, Dusty Blue","2.0","ea","1000.00 ea","0.00 ea","0.00 ea","0.00 ea","0.00 ea","06/07/2025","$0","$0","$0","$0","$0","{}"
"FCW7YC47456VRP2QWQE4V5R5","2XL, Heather Blue","2.0","ea","999.00 ea","0.00 ea","0.00 ea","0.00 ea","0.00 ea","06/07/2025","$0","$0","$0","$0","$0","{}"
"TPMI5KAEHVLK6M2VQQWZ4XUB","2XL, Heather Gray","2.0","ea","999.00 ea","0.00 ea","0.00 ea","0.00 ea","0.00 ea","06/07/2025","$0","$0","$0","$0","$0","{}"
"S2SMB2GV2ZUTSXXQG3YEHNX5","2XL, Heather Olive","2.0","ea","1000.00 ea","0.00 ea","0.00 ea","0.00 ea","0.00 ea","06/07/2025","$0","$0","$0","$0","$0","{}"
"NCOHRYVC26YE4WOMK2747BHV","2XL, Heather Stone","2.0","ea","1000.00 ea","0.00 ea","0.00 ea","0.00 ea","0.00 ea","06/07/2025","$0","$0","$0","$0","$0","{}"
"IAY3X2WNUOK3BMH63L2UR5BL","2XL, Mauve","2.0","ea","997.00 ea","0.00 ea","0.00 ea","0.00 ea","0.00 ea","06/07/2025","$0","$0","$0","$0","$0","{}"
"33RAS4BV2SLGB67AD6UA2XUZ","2XL, Navy","2.0","ea","1000.00 ea","0.00 ea","0.00 ea","0.00 ea","0.00 ea","06/07/2025","$0","$0","$0","$0","$0","{}"
"RR3KWRFXVF5IJATL4FQCDOST","2XL, Peach","2.0","ea","997.00 ea","0.00 ea","0.00 ea","0.00 ea","0.00 ea","06/07/2025","$0","$0","$0","$0","$0","{}"
"2M33A3GFOM7NWY4AAOCZM3XA","3XL, Black","2.0","ea","999.00 ea","0.00 ea","0.00 ea","0.00 ea","0.00 ea","06/07/2025","$0","$0","$0","$0","$0","{}"
"GJR2VMANDQA5YD3SP32PDKVI","3XL, Dark Gray","2.0","ea","1000.00 ea","0.00 ea","0.00 ea","0.00 ea","0.00 ea","06/07/2025","$0","$0","$0","$0","$0","{}"
"VEGRPDM2NMT3O2JH3KLO3EJG","3XL, Deep Heather","2.0","ea","1000.00 ea","0.00 ea","0.00 ea","0.00 ea","0.00 ea","06/07/2025","$0","$0","$0","$0","$0","{}"
"OKZTL2DHTPUZBVK3C3UIVJIF","3XL, Dusty Blue","2.0","ea","999.00 ea","0.00 ea","0.00 ea","0.00 ea","0.00 ea","06/07/2025","$0","$0","$0","$0","$0","{}"
"QZNGCH3YBN34BP2PR5J6ZLYZ","3XL, Heather Blue","2.0","ea","1000.00 ea","0.00 ea","0.00 ea","0.00 ea","0.00 ea","06/07/2025","$0","$0","$0","$0","$0","{}"
"IHAOHP7NFI7Y5AAWJR6EU3Z5","3XL, Heather Gray","2.0","ea","1000.00 ea","0.00 ea","0.00 ea","0.00 ea","0.00 ea","06/07/2025","$0","$0","$0","$0","$0","{}"
"P45QSNOMRX65NUSFJ7LOTN4V","3XL, Heather Olive","2.0","ea","999.00 ea","0.00 ea","0.00 ea","0.00 ea","0.00 ea","06/07/2025","$0","$0","$0","$0","$0","{}"
"ECRUKZLEPTEFFUUKQURKQPCR","3XL, Heather Stone","2.0","ea","999.00 ea","0.00 ea","0.00 ea","0.00 ea","0.00 ea","06/07/2025","$0","$0","$0","$0","$0","{}"
"5JEDH7OCFHLWEGKYR3VSJ2H6","3XL, Mauve","2.0","ea","997.00 ea","0.00 ea","0.00 ea","0.00 ea","0.00 ea","06/07/2025","$0","$0","$0","$0","$0","{}"
"AA4DTZKVRYNKNWJCIVYKU4L3","3XL, Navy","2.0","ea","1000.00 ea","0.00 ea","0.00 ea","0.00 ea","0.00 ea","06/07/2025","$0","$0","$0","$0","$0","{}"
"OKANCYXZVCSDHWEMYZ7TX3NK","3XL, Peach","2.0","ea","998.00 ea","0.00 ea","0.00 ea","0.00 ea","0.00 ea","06/07/2025","$0","$0","$0","$0","$0","{}"
"EYJ2ZBA2ZYKMYXMOVCPA6F5I","L, Black","2.0","ea","998.00 ea","0.00 ea","0.00 ea","0.00 ea","0.00 ea","06/07/2025","$0","$0","$0","$0","$0","{}"
"XHQ2DYLZQ3SAZBMOJND56FEI","L, Dark Gray","2.0","ea","1000.00 ea","0.00 ea","0.00 ea","0.00 ea","0.00 ea","06/07/2025","$0","$0","$0","$0","$0","{}"
"SUT2OORKIOXCML7MBK6WNDPE","L, Deep Heather","2.0","ea","998.00 ea","0.00 ea","0.00 ea","0.00 ea","0.00 ea","06/07/2025","$0","$0","$0","$0","$0","{}"
"JOQZU56S4WE2PJNPNNDWNHXY","L, Dusty Blue","2.0","ea","998.00 ea","0.00 ea","0.00 ea","0.00 ea","0.00 ea","06/07/2025","$0","$0","$0","$0","$0","{}"
"GDDWZQEYUGHOJLSXEGEX6EYA","L, Heather Blue","2.0","ea","998.00 ea","0.00 ea","0.00 ea","0.00 ea","0.00 ea","06/07/2025","$0","$0","$0","$0","$0","{}"
"XCGQPCHIV25OAMNBD34G5ZCG","L, Heather Gray","2.0","ea","1000.00 ea","0.00 ea","0.00 ea","0.00 ea","0.00 ea","06/07/2025","$0","$0","$0","$0","$0","{}"
"7V4LKTEBKEWTRYBT6A343DD5","L, Heather Olive","2.0","ea","1000.00 ea","0.00 ea","0.00 ea","0.00 ea","0.00 ea","06/07/2025","$0","$0","$0","$0","$0","{}"
"654TARRDZ76COJS6RGUTNG2Y","L, Heather Stone","2.0","ea","999.00 ea","0.00 ea","0.00 ea","0.00 ea","0.00 ea","06/07/2025","$0","$0","$0","$0","$0","{}"
"D7IVHPONAD3N5WZCK3NKPI5F","L, Mauve","2.0","ea","992.00 ea","0.00 ea","0.00 ea","0.00 ea","0.00 ea","06/07/2025","$0","$0","$0","$0","$0","{}"
"7INHK43QQMD3B53N7TCWEM4X","L, Navy","2.0","ea","998.00 ea","0.00 ea","0.00 ea","0.00 ea","0.00 ea","06/07/2025","$0","$0","$0","$0","$0","{}"
"H4BVD6AD2FTPYIK4Q7VUQFIZ","L, Peach","2.0","ea","995.00 ea","0.00 ea","0.00 ea","0.00 ea","0.00 ea","06/07/2025","$0","$0","$0","$0","$0","{}"
"OSPOQBW64DHKXA2MI5KNVFLJ","M, Black","2.0","ea","998.00 ea","0.00 ea","0.00 ea","0.00 ea","0.00 ea","06/07/2025","$0","$0","$0","$0","$0","{}"
"DP64LREKSV2RPPCQIKIBLIAA","M, Dark Gray","2.0","ea","998.00 ea","0.00 ea","0.00 ea","0.00 ea","0.00 ea","06/07/2025","$0","$0","$0","$0","$0","{}"
"O64J7Z265MBU7EQFPYSIRET3","M, Deep Heather","2.0","ea","1000.00 ea","0.00 ea","0.00 ea","0.00 ea","0.00 ea","06/07/2025","$0","$0","$0","$0","$0","{}"
"TKFYGASTU4MKBAZVUQOQJEQU","M, Dusty Blue","2.0","ea","996.00 ea","0.00 ea","0.00 ea","0.00 ea","0.00 ea","06/07/2025","$0","$0","$0","$0","$0","{}"
"2O27NLZZPM3USTLI5J42YESQ","M, Heather Blue","2.0","ea","1000.00 ea","0.00 ea","0.00 ea","0.00 ea","0.00 ea","06/07/2025","$0","$0","$0","$0","$0","{}"
"4NLIJYCECSWPL7AQ4JE5QG3J","M, Heather Gray","2.0","ea","999.00 ea","0.00 ea","0.00 ea","0.00 ea","0.00 ea","06/07/2025","$0","$0","$0","$0","$0","{}"
"FACAGHRPCNRED44A3VL4OOVY","M, Heather Olive","2.0","ea","998.00 ea","0.00 ea","0.00 ea","0.00 ea","0.00 ea","06/07/2025","$0","$0","$0","$0","$0","{}"
"AIDPKRO2DZJJ7FINGJPNWVL3","M, Heather Stone","2.0","ea","1000.00 ea","0.00 ea","0.00 ea","0.00 ea","0.00 ea","06/07/2025","$0","$0","$0","$0","$0","{}"
"IG6B7APMTQN7Q76EG74TP7DK","M, Mauve","2.0","ea","998.00 ea","0.00 ea","0.00 ea","0.00 ea","0.00 ea","06/07/2025","$0","$0","$0","$0","$0","{}"
"KYP5RBTS76VZ6RTD5XJ6XOKK","M, Navy","2.0","ea","998.00 ea","0.00 ea","0.00 ea","0.00 ea","0.00 ea","06/07/2025","$0","$0","$0","$0","$0","{}"
"MIHTB3P6LKBQKOCLC36SFEWX","M, Peach","2.0","ea","993.00 ea","0.00 ea","0.00 ea","0.00 ea","0.00 ea","06/07/2025","$0","$0","$0","$0","$0","{}"
"EYUFEGDXXWOI2ZFDX6XE475W","S, Black","2.0","ea","998.00 ea","0.00 ea","0.00 ea","0.00 ea","0.00 ea","06/07/2025","$0","$0","$0","$0","$0","{}"
"MO5P3GQQ5TDF3UAGRQEJEXWL","S, Dark Gray","2.0","ea","999.00 ea","0.00 ea","0.00 ea","0.00 ea","0.00 ea","06/07/2025","$0","$0","$0","$0","$0","{}"
"RYFNCI3AGUL52FDSTNMJCQBE","S, Deep Heather","2.0","ea","1000.00 ea","0.00 ea","0.00 ea","0.00 ea","0.00 ea","06/07/2025","$0","$0","$0","$0","$0","{}"
"LJ7LJOMLYQYYBMBUJXANFD72","S, Dusty Blue","2.0","ea","998.00 ea","0.00 ea","0.00 ea","0.00 ea","0.00 ea","06/07/2025","$0","$0","$0","$0","$0","{}"
"LDCLN6RRSYKUNZU4G6AE33SL","S, Heather Blue","2.0","ea","1000.00 ea","0.00 ea","0.00 ea","0.00 ea","0.00 ea","06/07/2025","$0","$0","$0","$0","$0","{}"
"X4DL74UUICIRARJLN77W3BFO","S, Heather Gray","2.0","ea","1000.00 ea","0.00 ea","0.00 ea","0.00 ea","0.00 ea","06/07/2025","$0","$0","$0","$0","$0","{}"
"Y4M3ETPO3A2NCFKX4BLOW25K","S, Heather Olive","2.0","ea","999.00 ea","0.00 ea","0.00 ea","0.00 ea","0.00 ea","06/07/2025","$0","$0","$0","$0","$0","{}"
"RPZNXMCDGYELDDTDI7L4ZLFJ","S, Heather Stone","2.0","ea","1000.00 ea","0.00 ea","0.00 ea","0.00 ea","0.00 ea","06/07/2025","$0","$0","$0","$0","$0","{}"
"XYV7ICIL6R5IGTFKFWUBN57O","S, Mauve","2.0","ea","998.00 ea","0.00 ea","0.00 ea","0.00 ea","0.00 ea","06/07/2025","$0","$0","$0","$0","$0","{}"
"DYERWQKMT7TZNZEAQ2AU5OTZ","S, Navy","2.0","ea","1000.00 ea","0.00 ea","0.00 ea","0.00 ea","0.00 ea","06/07/2025","$0","$0","$0","$0","$0","{}"
"WOL5OK2XYNF2LHONI4BY7HWX","S, Peach","2.0","ea","993.00 ea","0.00 ea","0.00 ea","0.00 ea","0.00 ea","06/07/2025","$0","$0","$0","$0","$0","{}"
"IPI24LDS6WE2HV5T5OFW2UNM","XL, Black","2.0","ea","996.00 ea","0.00 ea","0.00 ea","0.00 ea","0.00 ea","06/07/2025","$0","$0","$0","$0","$0","{}"
"XFQLO7RUWKJYC2OCJCFXJF4G","XL, Dark Gray","2.0","ea","1000.00 ea","0.00 ea","0.00 ea","0.00 ea","0.00 ea","06/07/2025","$0","$0","$0","$0","$0","{}"
"FU7DV6QJDDA7ABZNGGPPDVT4","XL, Deep Heather","2.0","ea","999.00 ea","0.00 ea","0.00 ea","0.00 ea","0.00 ea","06/07/2025","$0","$0","$0","$0","$0","{}"
"XREBPREURUUBCSYNH6UBAAO3","XL, Dusty Blue","2.0","ea","998.00 ea","0.00 ea","0.00 ea","0.00 ea","0.00 ea","06/07/2025","$0","$0","$0","$0","$0","{}"
"5TZENDO43AHSLB7HS2VZE2JI","XL, Heather Blue","2.0","ea","998.00 ea","0.00 ea","0.00 ea","0.00 ea","0.00 ea","06/07/2025","$0","$0","$0","$0","$0","{}"
"37VEQZ6YW2KMBRDPOPDB5U6N","XL, Heather Gray","2.0","ea","998.00 ea","0.00 ea","0.00 ea","0.00 ea","0.00 ea","06/07/2025","$0","$0","$0","$0","$0","{}"
"LTSUS4BCJYIGULMAFIEK7WUH","XL, Heather Olive","2.0","ea","998.00 ea","0.00 ea","0.00 ea","0.00 ea","0.00 ea","06/07/2025","$0","$0","$0","$0","$0","{}"
"SFUQRCNXMFTCHNUBMIT6KPHV","XL, Heather Stone","2.0","ea","1000.00 ea","0.00 ea","0.00 ea","0.00 ea","0.00 ea","06/07/2025","$0","$0","$0","$0","$0","{}"
"ZAHQWMZCSUY25CIXLI5Y2TY3","XL, Mauve","2.0","ea","996.00 ea","0.00 ea","0.00 ea","0.00 ea","0.00 ea","06/07/2025","$0","$0","$0","$0","$0","{}"
"NKVVL6MZGX62B74WXJHAM6OB","XL, Navy","2.0","ea","1000.00 ea","0.00 ea","0.00 ea","0.00 ea","0.00 ea","06/07/2025","$0","$0","$0","$0","$0","{}"
"PCNY725BWJ7SMHAFI7H5C4DA","XL, Peach","2.0","ea","996.00 ea","0.00 ea","0.00 ea","0.00 ea","0.00 ea","06/07/2025","$0","$0","$0","$0","$0","{}"
"OT47P3XH6PP4OVVWIJKAJVD5","XS, Black","2.0","ea","999.00 ea","0.00 ea","0.00 ea","0.00 ea","0.00 ea","06/07/2025","$0","$0","$0","$0","$0","{}"
"3MDRB2LGHQ4NNMEM2RLD5VC2","XS, Dark Gray","2.0","ea","999.00 ea","0.00 ea","0.00 ea","0.00 ea","0.00 ea","06/07/2025","$0","$0","$0","$0","$0","{}"
"3BONXME4NL4RCKXGESND5UBD","XS, Deep Heather","2.0","ea","1000.00 ea","0.00 ea","0.00 ea","0.00 ea","0.00 ea","06/07/2025","$0","$0","$0","$0","$0","{}"
"TPJV4523CBZE373OD3TBD56R","XS, Dusty Blue","2.0","ea","999.00 ea","0.00 ea","0.00 ea","0.00 ea","0.00 ea","06/07/2025","$0","$0","$0","$0","$0","{}"
"ODS47RDZQTGAD7ZVTDCSCKZ6","XS, Heather Blue","2.0","ea","999.00 ea","0.00 ea","0.00 ea","0.00 ea","0.00 ea","06/07/2025","$0","$0","$0","$0","$0","{}"
"CCKEA5GUU3FWDW6PZFPHPTL4","XS, Heather Gray","2.0","ea","999.00 ea","0.00 ea","0.00 ea","0.00 ea","0.00 ea","06/07/2025","$0","$0","$0","$0","$0","{}"
"RU3CTIEQLMSEA2OHPQGB374W","XS, Heather Olive","2.0","ea","999.00 ea","0.00 ea","0.00 ea","0.00 ea","0.00 ea","06/07/2025","$0","$0","$0","$0","$0","{}"
"7BJODEMDTUMWZH6Y4U4ADK2B","XS, Heather Stone","2.0","ea","999.00 ea","0.00 ea","0.00 ea","0.00 ea","0.00 ea","06/07/2025","$0","$0","$0","$0","$0","{}"
"IQJDTD7K345NU5KCRQNYMR2U","XS, Mauve","2.0","ea","999.00 ea","0.00 ea","0.00 ea","0.00 ea","0.00 ea","06/07/2025","$0","$0","$0","$0","$0","{}"
"PXFUF3ZXSDVAPDP4OKDCWOJU","XS, Navy","2.0","ea","1000.00 ea","0.00 ea","0.00 ea","0.00 ea","0.00 ea","06/07/2025","$0","$0","$0","$0","$0","{}"
"UUKAPRPN73HTGB2KUDWHQMGP","XS, Peach","2.0","ea","999.00 ea","0.00 ea","0.00 ea","0.00 ea","0.00 ea","06/07/2025","$0","$0","$0","$0","$0","{}"
"DYAC6JXLB2Z7W2P7L5FEA7OV","Black Agate Yoga Bracelet","29.0","ea","100.00 ea","0.00 ea","0.00 ea","0.00 ea","0.00 ea","05/11/2025","$0","$0","$0","$0","$0",
"VOK7QSL66UUAXVGAW2LERBKM","8, Black, Lobster Claw","29.0","ea","100.00 ea","0.00 ea","0.00 ea","0.00 ea","0.00 ea","05/11/2025","$0","$0","$0","$0","$0","{}"
"S5IFRSSD24MW43ILAXSZPCLS","Black Tourmaline Quartz Stretch Bracelet! Natural Crystals & Handmade!","29.0","ea","91.00 ea","0.00 ea","0.00 ea","0.00 ea","0.00 ea","05/11/2025","$0","$0","$0","$0","$0",
"CN6QQNYRBIRBW762NXSR4U74","6.75"" (XS)","29.0","ea","19.00 ea","0.00 ea","0.00 ea","0.00 ea","0.00 ea","05/11/2025","$0","$0","$0","$0","$0","{}"
"H7TO3WHWA4RJD2MBAYUA3HYY","7"" (Standard)","29.0","ea","15.00 ea","0.00 ea","0.00 ea","0.00 ea","0.00 ea","05/11/2025","$0","$0","$0","$0","$0","{}"
"IV7667F2ERQM4HBDA45WMNTI","7.5"" (L)","29.0","ea","18.00 ea","0.00 ea","0.00 ea","0.00 ea","0.00 ea","05/11/2025","$0","$0","$0","$0","$0","{}"
"JC3GO3WVT5ZJ6QCLFCHK5TAY","7.75"" (XL)","29.0","ea","20.00 ea","0.00 ea","0.00 ea","0.00 ea","0.00 ea","05/11/2025","$0","$0","$0","$0","$0","{}"
"MEHAHCC5QRRVRREJWAZFQTPB","8"" (XXL)","29.0","ea","19.00 ea","0.00 ea","0.00 ea","0.00 ea","0.00 ea","05/11/2025","$0","$0","$0","$0","$0","{}"
"NIBZBWOWB7RUJ4DH674ZUVSV","Blue Tiger's Eye Bracelet Elastic Fit 8mm","1.0","ea","1.00 ea","0.00 ea","0.00 ea","0.00 ea","0.00 ea","06/07/2025","$0","$0","$0","$0","$0",
"V4KBCIJFIKXUFXKQN35QXGKD","Default Title","1.0","ea","1.00 ea","0.00 ea","0.00 ea","0.00 ea","0.00 ea","06/07/2025","$0","$0","$0","$0","$0","{}"
"BLMUXO2ZAMCZIPLQAWNWEGSX","Bluetooth Speaker Star Light Projector Starry LED Galaxy Lamp","29.0","ea","967.00 ea","0.00 ea","0.00 ea","0.00 ea","0.00 ea","05/11/2025","$0","$0","$0","$0","$0",
"HZLMVLCPREI4LB4BFRP64KMR","-","29.0","ea","967.00 ea","0.00 ea","0.00 ea","0.00 ea","0.00 ea","05/11/2025","$0","$0","$0","$0","$0","{}"
"F3EJ7Q7RNZ7DMC5FHLREWLAN","Bluetooth Speaker Star Light Projector Starry LED Galaxy Lamp","2.0","ea","967.00 ea","0.00 ea","0.00 ea","0.00 ea","0.00 ea","06/07/2025","$0","$0","$0","$0","$0",
"XAMJD5ZMJYMOSFEW5M6BZCAB","-","2.0","ea","967.00 ea","0.00 ea","0.00 ea","0.00 ea","0.00 ea","06/07/2025","$0","$0","$0","$0","$0","{}"
"54LX5J7G6PRSWS6QWVFHSULG","Body & Linen Spray","29.0","ea","20000.00 ea","0.00 ea","0.00 ea","0.00 ea","0.00 ea","05/11/2025","$0","$0","$0","$0","$0",
"W22KWMO7HDSE3O3W6RPJ7UP4","BITCH BE GONE- Rose, vanilla, geranium, pa","29.0","ea","5000.00 ea","0.00 ea","0.00 ea","0.00 ea","0.00 ea","05/11/2025","$0","$0","$0","$0","$0","{}"
"QK3ZXFF6XIXG7CKQC6JAGQ47","DON''T MAKE ME GO ALL JERSEY GIRL ON YOU! S","29.0","ea","5000.00 ea","0.00 ea","0.00 ea","0.00 ea","0.00 ea","05/11/2025","$0","$0","$0","$0","$0","{}"
"QXCI2TNMQPTBV6ST5ODDMZFY","I DON''T RECALL ASKING FOR YOUR OPINION! --","29.0","ea","5000.00 ea","0.00 ea","0.00 ea","0.00 ea","0.00 ea","05/11/2025","$0","$0","$0","$0","$0","{}"
"EOUB4DGS76Q3PDBTUYPXMS4N","SAY GOODBYE TO YOUR OVERGROWN MAN CHILD--C","29.0","ea","5000.00 ea","0.00 ea","0.00 ea","0.00 ea","0.00 ea","05/11/2025","$0","$0","$0","$0","$0","{}"
"I3A2DWYZMGPD25N6APSGZ3U4","Brass Singing Bowl – Meditation & Sound Healing Tool","29.0","ea","10.00 ea","0.00 ea","0.00 ea","0.00 ea","0.00 ea","05/11/2025","$0","$0","$0","$0","$0",
"IGQU4RAFVA4CAZ7TNLRPWFQH","11cm Diameter, Polished Finish","29.0","ea","10.00 ea","0.00 ea","0.00 ea","0.00 ea","0.00 ea","05/11/2025","$0","$0","$0","$0","$0","{}"
"XMYWKPLDIQDFK2F3NRRQSQE3","Burgundy ELEPHANT Pants Women Boho Pants Hippie Pants Yoga","1.0","ea","3.00 ea","0.00 ea","0.00 ea","0.00 ea","0.00 ea","06/07/2025","$0","$0","$0","$0","$0",
"PYFBDCXPX6Z7GYBY3CPT72Y5","-","1.0","ea","3.00 ea","0.00 ea","0.00 ea","0.00 ea","0.00 ea","06/07/2025","$0","$0","$0","$0","$0","{}"
"6H6ZADEIHWXW6CPT2XHJ6MLI","CELESTIAL MOON w/ CRYSTALS & ROSES 12oz travel tumbler","29.0","ea","100.00 ea","0.00 ea","0.00 ea","0.00 ea","0.00 ea","05/11/2025","$0","$0","$0","$0","$0",
"D3GPSABWABUQHARAWACG66RI","-","29.0","ea","100.00 ea","0.00 ea","0.00 ea","0.00 ea","0.00 ea","05/11/2025","$0","$0","$0","$0","$0","{}"
"T4RXOPWEPBARFCBAS4RMKUOY","CRYSTALS & ROSES 12oz travel tumbler","29.0","ea","100.00 ea","0.00 ea","0.00 ea","0.00 ea","0.00 ea","05/11/2025","$0","$0","$0","$0","$0",
"PASYHRTWQENGGPAAM64TADA7","-","29.0","ea","100.00 ea","0.00 ea","0.00 ea","0.00 ea","0.00 ea","05/11/2025","$0","$0","$0","$0","$0","{}"
"BSMDYD5KN2DFYHA4QOZ5MUFX","Calm - Just Chill - Wood Roll-On Pure Essential Oils","29.0","ea","195.00 ea","0.00 ea","0.00 ea","0.00 ea","0.00 ea","05/11/2025","$0","$0","$0","$0","$0",
"LS2LZQL75IYCTV3KZEE7OUZW","10ml","29.0","ea","96.00 ea","0.00 ea","0.00 ea","0.00 ea","0.00 ea","05/11/2025","$0","$0","$0","$0","$0","{}"
"VSKXZWUAQCAHFG2TOLCG6LRF","5ml","29.0","ea","99.00 ea","0.00 ea","0.00 ea","0.00 ea","0.00 ea","05/11/2025","$0","$0","$0","$0","$0","{}"
"GJ546VWUJ2MAM56AQ5KDFVXK","Carnelian Bracelet Stretch Fit Handmade","1.0","ea","1.00 ea","0.00 ea","0.00 ea","0.00 ea","0.00 ea","06/07/2025","$0","$0","$0","$0","$0",
"7M52KLR2MFOH65J6X5AGWLTR","Default Title","1.0","ea","1.00 ea","0.00 ea","0.00 ea","0.00 ea","0.00 ea","06/07/2025","$0","$0","$0","$0","$0","{}"
"Q7JSAUN2GKFV7QM6W5DJK3S4","Chakra Incense Balancing Kit","29.0","ea","1180.00 ea","0.00 ea","0.00 ea","0.00 ea","0.00 ea","05/11/2025","$0","$0","$0","$0","$0",
"YYURX5OMRGNXY5CUHORN52YG","-","29.0","ea","1180.00 ea","0.00 ea","0.00 ea","0.00 ea","0.00 ea","05/11/2025","$0","$0","$0","$0","$0","{}"
"P3ZSEOU5X4EG4UU6CFCIRZFO","Chakra Singing Bowl (Crown)","29.0","ea","1.00 ea","0.00 ea","0.00 ea","0.00 ea","0.00 ea","05/11/2025","$0","$0","$0","$0","$0",
"WWJIMNLUPZOE4TZ5ZSAKIS47","Default Title","29.0","ea","1.00 ea","0.00 ea","0.00 ea","0.00 ea","0.00 ea","05/11/2025","$0","$0","$0","$0","$0","{}"
"MWKUKXMVWZCFSFEMRBHJVZFF","Charles-Hubert Paris 3904-W Polished Finish Stainless Steel Double Cov","1.0","ea","7.00 ea","0.00 ea","0.00 ea","0.00 ea","0.00 ea","06/07/2025","$0","$0","$0","$0","$0",
"F6BU7X3GYHRNLVL4K7ORNLNB","-","1.0","ea","7.00 ea","0.00 ea","0.00 ea","0.00 ea","0.00 ea","06/07/2025","$0","$0","$0","$0","$0","{}"
"6YWUQRT7ADLCA45JIZ6JTWRI","Charles-Hubert- Paris  Dual Time Mechanical Pocket Watch","29.0","ea","8.00 ea","0.00 ea","0.00 ea","0.00 ea","0.00 ea","05/10/2025","$0","$0","$0","$0","$0",
"QHBZQ2OZOWSV7MMGVL3DO2SQ","-","29.0","ea","8.00 ea","0.00 ea","0.00 ea","0.00 ea","0.00 ea","05/10/2025","$0","$0","$0","$0","$0","{}"
"JI3JXBPFAVP2Q3OKFDF36R2C","Charles-Hubert- Paris  Dual Time Mechanical Pocket Watch","1.0","ea","8.00 ea","0.00 ea","0.00 ea","0.00 ea","0.00 ea","06/07/2025","$0","$0","$0","$0","$0",
"F7UG6EM2BVM2LRFLVR2AM4YV","-","1.0","ea","8.00 ea","0.00 ea","0.00 ea","0.00 ea","0.00 ea","06/07/2025","$0","$0","$0","$0","$0","{}"
"YKJTKGIYU4A2YSGDRUJUAC7Z","Charles-Hubert- Paris Brass Mechanical Hunter Case Pocket Watch #3804","1.0","ea","8.00 ea","0.00 ea","0.00 ea","0.00 ea","0.00 ea","06/07/2025","$0","$0","$0","$0","$0",
"HMCJJW5U564BE25HCJ3MDZCQ","-","1.0","ea","8.00 ea","0.00 ea","0.00 ea","0.00 ea","0.00 ea","06/07/2025","$0","$0","$0","$0","$0","{}"
"Y6UPOLQCDA6MREL4QRKC2IHY","Charlie Buddy   H–µmp Oil for Dogs Cats   Hi—Ä and J–æint Supp–ært and","1.0","ea","4696.00 ea","0.00 ea","0.00 ea","0.00 ea","0.00 ea","06/07/2025","$0","$0","$0","$0","$0",
"3CRRUHTWNQ6CREROWFVMW22C","-","1.0","ea","4696.00 ea","0.00 ea","0.00 ea","0.00 ea","0.00 ea","06/07/2025","$0","$0","$0","$0","$0","{}"
"5MR7YACLXFQMAJX7QP54GWWK","Chrysalis Tarot by Toney Brooks","29.0","ea","2.00 ea","0.00 ea","0.00 ea","0.00 ea","0.00 ea","05/11/2025","$0","$0","$0","$0","$0",
"QDBBJTPFWFGCGJWFZOOXZI3K","-","29.0","ea","2.00 ea","0.00 ea","0.00 ea","0.00 ea","0.00 ea","05/11/2025","$0","$0","$0","$0","$0","{}"
"VCTCLBRNM55DCCRRDWYBZVYB","Citrine Tumble Stones-Natural Crystals-High Quality Crystals","29.0","ea","10.00 ea","0.00 ea","0.00 ea","0.00 ea","0.00 ea","05/11/2025","$0","$0","$0","$0","$0",
"QSTQXN4GXFD4NPHA4F7ODEA5","100g","29.0","ea","10.00 ea","0.00 ea","0.00 ea","0.00 ea","0.00 ea","05/11/2025","$0","$0","$0","$0","$0","{}"
"4KAFMHRAFX2PTFOWUKDOBEMO","Complete Book of Tarot Spreads by Burger & Fiebig","29.0","ea","9.00 ea","0.00 ea","0.00 ea","0.00 ea","0.00 ea","05/11/2025","$0","$0","$0","$0","$0",
"UYM65FQN2XXHBIBQUGKP4VDI","-","29.0","ea","9.00 ea","0.00 ea","0.00 ea","0.00 ea","0.00 ea","05/11/2025","$0","$0","$0","$0","$0","{}"
"D2GY4M7WOEQJOQZYUSIXFQMV","Crown Chakra Incense Sticks","29.0","ea","131.00 ea","0.00 ea","0.00 ea","0.00 ea","0.00 ea","05/11/2025","$0","$0","$0","$0","$0",
"KBVZGWL5LHJ2LNVPBL233PSG","-","29.0","ea","131.00 ea","0.00 ea","0.00 ea","0.00 ea","0.00 ea","05/11/2025","$0","$0","$0","$0","$0","{}"
"EVTH7VTVKJM247CVVPULSEFQ","Crown Chakra Singing Bowl","1.0","ea","1.00 ea","0.00 ea","0.00 ea","0.00 ea","0.00 ea","06/07/2025","$0","$0","$0","$0","$0",
"ZJ3GMVSNTDM6SXUFW7K276CO","Default Title","1.0","ea","1.00 ea","0.00 ea","0.00 ea","0.00 ea","0.00 ea","06/07/2025","$0","$0","$0","$0","$0","{}"
"QL5RXVRAXEHUGID7JSOS7TIT","Crystal Quartz Points","29.0","ea","2.00 ea","0.00 ea","0.00 ea","0.00 ea","0.00 ea","05/11/2025","$0","$0","$0","$0","$0",
"T3N5F5VFORQHXYZLQORDDGQI","Crystal Quartz points","29.0","ea","2.00 ea","0.00 ea","0.00 ea","0.00 ea","0.00 ea","05/11/2025","$0","$0","$0","$0","$0","{}"
"MZDDON4TRJUWETJYYO34L2ZC","Crystal Singing Bowl (Heart Chakra)","29.0","ea","1.00 ea","0.00 ea","0.00 ea","0.00 ea","0.00 ea","05/11/2025","$0","$0","$0","$0","$0",
"GBD7XLKQPYOLQUDMKMJMYTXI","Default Title","29.0","ea","1.00 ea","0.00 ea","0.00 ea","0.00 ea","0.00 ea","05/11/2025","$0","$0","$0","$0","$0","{}"
"FXLSXSWBHVXW6QU74AE3B33C","Crystal Singing Bowl (Sacral Chakra)","29.0","ea","1.00 ea","0.00 ea","0.00 ea","0.00 ea","0.00 ea","05/11/2025","$0","$0","$0","$0","$0",
"FKBTIKO6UV5Q5AZZNY2IVNV7","Default Title","29.0","ea","1.00 ea","0.00 ea","0.00 ea","0.00 ea","0.00 ea","05/11/2025","$0","$0","$0","$0","$0","{}"
"X5MGRZ7IXMEOA2RZGBVBPW6C","Crystal Singing Bowl (Third Eye)","29.0","ea","1.00 ea","0.00 ea","0.00 ea","0.00 ea","0.00 ea","05/11/2025","$0","$0","$0","$0","$0",
"GUBDJRZQSHDUEL7O5UM55SH6","Default Title","29.0","ea","1.00 ea","0.00 ea","0.00 ea","0.00 ea","0.00 ea","05/11/2025","$0","$0","$0","$0","$0","{}"
"ZMXWX2J74XWYR7C74XHJBDKO","Crystal Singing Bowl (Throat Chakra)","29.0","ea","1.00 ea","0.00 ea","0.00 ea","0.00 ea","0.00 ea","05/11/2025","$0","$0","$0","$0","$0",
"W7JPDTPRBZQXJTDIMOP2VZIR","Default Title","29.0","ea","1.00 ea","0.00 ea","0.00 ea","0.00 ea","0.00 ea","05/11/2025","$0","$0","$0","$0","$0","{}"
"35DMFJTX7R6RGYCJINRYSPRA","Crystal Singing Bowl Flower of Life (Symbol of Harmony)","29.0","ea","1.00 ea","0.00 ea","0.00 ea","0.00 ea","0.00 ea","05/11/2025","$0","$0","$0","$0","$0",
"J6J5UPI6Q2CGUGUZEUQFG7EL","Default Title","29.0","ea","1.00 ea","0.00 ea","0.00 ea","0.00 ea","0.00 ea","05/11/2025","$0","$0","$0","$0","$0","{}"
"4FFON5Z53KR2FQC7MJELRCCS","Crystal Singing Bowl with Engraved Chakra Symbol: Throat Chakra","1.0","ea","1.00 ea","0.00 ea","0.00 ea","0.00 ea","0.00 ea","06/07/2025","$0","$0","$0","$0","$0",
"PQW2LYIQJHW3JCOV355OSVSH","Default Title","1.0","ea","1.00 ea","0.00 ea","0.00 ea","0.00 ea","0.00 ea","06/07/2025","$0","$0","$0","$0","$0","{}"
"LP5AVFRVGNYTI5OMGE2MCMO7","DRINCO® 22oz Stainless Steel Sport Water Bottle - Teal","29.0","ea","271.00 ea","0.00 ea","0.00 ea","0.00 ea","0.00 ea","05/10/2025","$0","$0","$0","$0","$0",
"4A7DPF4AE2FELC5GTOKNSFMN","-","29.0","ea","271.00 ea","0.00 ea","0.00 ea","0.00 ea","0.00 ea","05/10/2025","$0","$0","$0","$0","$0","{}"
"HVFS2NEYAJ56TKGOMZCD246E","Dali Rainbow Jasper Points","29.0","ea","4.00 ea","0.00 ea","0.00 ea","0.00 ea","0.00 ea","05/11/2025","$0","$0","$0","$0","$0",
"WMIX25AQGPPMH53HM5DFHW42","-","29.0","ea","4.00 ea","0.00 ea","0.00 ea","0.00 ea","0.00 ea","05/11/2025","$0","$0","$0","$0","$0","{}"
"5UGN3RJYA2UZSUQPEZHDK7EV","Divine Codes Oracle (Violet Version)","29.0","ea","100.00 ea","0.00 ea","0.00 ea","0.00 ea","0.00 ea","05/11/2025","$0","$0","$0","$0","$0",
"ZQZORTJQP3XNWIQACX6FJQOP","-","29.0","ea","100.00 ea","0.00 ea","0.00 ea","0.00 ea","0.00 ea","05/11/2025","$0","$0","$0","$0","$0","{}"
"VHCBUCSAE6NMWAELGP6T7C7A","Dolce Vita: Pomme d´amour","29.0","ea","200.00 ea","0.00 ea","0.00 ea","0.00 ea","0.00 ea","05/10/2025","$0","$0","$0","$0","$0",
"BVMZFHCXP2IA464HOBTR43CO","couvercle dore","29.0","ea","100.00 ea","0.00 ea","0.00 ea","0.00 ea","0.00 ea","05/10/2025","$0","$0","$0","$0","$0","{}"
"M5XXVIIHFLCK3Q2UXUNLVH2V","couvercle noir","29.0","ea","100.00 ea","0.00 ea","0.00 ea","0.00 ea","0.00 ea","05/10/2025","$0","$0","$0","$0","$0","{}"
"6T4RTW6I7IYDY2GOCAU4KZ3A","Dragon W9 Wireless Charging Pad – 30W Fast Dock","29.0","ea","100.00 ea","0.00 ea","0.00 ea","0.00 ea","0.00 ea","05/11/2025","$0","$0","$0","$0","$0",
"3QFZQYKKFRKT3NCKRSMSTB2Z","-","29.0","ea","100.00 ea","0.00 ea","0.00 ea","0.00 ea","0.00 ea","05/11/2025","$0","$0","$0","$0","$0","{}"
"U2MPZFYRTDUZPCX2IV5V5VXA","Essential Oil Blend with Crystals Frankincense","29.0","ea","4989.00 ea","0.00 ea","0.00 ea","0.00 ea","0.00 ea","05/11/2025","$0","$0","$0","$0","$0",
"3VS25PTKUQ6CHIUTJJWGNA6R","-","29.0","ea","4989.00 ea","0.00 ea","0.00 ea","0.00 ea","0.00 ea","05/11/2025","$0","$0","$0","$0","$0","{}"
"IB2BH7MZYTNZWZ744AMNVYUV","Felicity Tabletop Meditation Fountain With Led Light","29.0","ea","9.00 ea","0.00 ea","0.00 ea","0.00 ea","0.00 ea","05/11/2025","$0","$0","$0","$0","$0",
"ILHOFJQ3NHTI6FENS3F3P5IS","1","29.0","ea","9.00 ea","0.00 ea","0.00 ea","0.00 ea","0.00 ea","05/11/2025","$0","$0","$0","$0","$0","{}"
"D5PL65GLR4CTGTQ2U4VNRGMB","Fields of Provence Organic Essential Oil Disinfectant Spray","29.0","ea","194.00 ea","0.00 ea","0.00 ea","0.00 ea","0.00 ea","05/11/2025","$0","$0","$0","$0","$0",
"RIT2YWJYF4SIBTYHA3Y65LVJ","2oz","29.0","ea","97.00 ea","0.00 ea","0.00 ea","0.00 ea","0.00 ea","05/11/2025","$0","$0","$0","$0","$0","{}"
"MEYK7FL5X4F3XCR6H2YDYZDL","4oz","29.0","ea","97.00 ea","0.00 ea","0.00 ea","0.00 ea","0.00 ea","05/11/2025","$0","$0","$0","$0","$0","{}"
"5TJ7JPX3Y2QH2NJ547AKKAQB","Flower of Life Laser Engraved Selenite Plates","29.0","ea","62.00 ea","0.00 ea","0.00 ea","0.00 ea","0.00 ea","05/11/2025","$0","$0","$0","$0","$0",
"LNS3YYKDTHFNB5CKPZYPJYR4","HEXAGON","29.0","ea","23.00 ea","0.00 ea","0.00 ea","0.00 ea","0.00 ea","05/11/2025","$0","$0","$0","$0","$0","{}"
"3G3EDRF2C7P574NAL7EYF6LY","ROUND","29.0","ea","39.00 ea","0.00 ea","0.00 ea","0.00 ea","0.00 ea","05/11/2025","$0","$0","$0","$0","$0","{}"
"63MBRQ2QDYJ3OSISMQLCYMLV","Flower of Life Laser Engraved Selenite Plates","1.0","ea","62.00 ea","0.00 ea","0.00 ea","0.00 ea","0.00 ea","06/07/2025","$0","$0","$0","$0","$0",
"CW6LFL75PKZVE43E3XVR73AE","HEXAGON","1.0","ea","23.00 ea","0.00 ea","0.00 ea","0.00 ea","0.00 ea","06/07/2025","$0","$0","$0","$0","$0","{}"
"VUPLZTXVOXCQ743UWBMTOBHD","ROUND","1.0","ea","39.00 ea","0.00 ea","0.00 ea","0.00 ea","0.00 ea","06/07/2025","$0","$0","$0","$0","$0","{}"
"KEPTSGP3T4OGR4LCL2F5NIF3","Fluorite Crystal Gemstone Point","29.0","ea","11.00 ea","0.00 ea","0.00 ea","0.00 ea","0.00 ea","05/11/2025","$0","$0","$0","$0","$0",
"NJKDNVA6LRUXIL2YZQYNTMQH","-","29.0","ea","11.00 ea","0.00 ea","0.00 ea","0.00 ea","0.00 ea","05/11/2025","$0","$0","$0","$0","$0","{}"
"N5HRR3RCHTNWEFQ5KYYCGCEJ","Focus Aromatherapy Mood Scent","29.0","ea","999.00 ea","0.00 ea","0.00 ea","0.00 ea","0.00 ea","05/11/2025","$0","$0","$0","$0","$0",
"UUGDLEKBPZORHP6HUKXYOKH3","-","29.0","ea","999.00 ea","0.00 ea","0.00 ea","0.00 ea","0.00 ea","05/11/2025","$0","$0","$0","$0","$0","{}"
"LJOKCJAGHA6XQJB2IENYARLB","Galaxy Moon Lamp- 16 Color Touch with Remote Control","27.0","ea","2363.00 ea","0.00 ea","0.00 ea","0.00 ea","0.00 ea","05/12/2025","$0","$0","$0","$0","$0",
"U3JCZBDCWNQRWIOOM3NR6TTN","10CM","27.0","ea","784.00 ea","0.00 ea","0.00 ea","0.00 ea","0.00 ea","05/12/2025","$0","$0","$0","$0","$0","{}"
"2FHJ3UZMB53VZJ4AJ5HN4GYJ","12CM","27.0","ea","792.00 ea","0.00 ea","0.00 ea","0.00 ea","0.00 ea","05/12/2025","$0","$0","$0","$0","$0","{}"
"L33E5XHVXRHW5V5JUMELLE7Q","15CM","27.0","ea","787.00 ea","0.00 ea","0.00 ea","0.00 ea","0.00 ea","05/12/2025","$0","$0","$0","$0","$0","{}"
"JM5OMW62FLQ55UNQ54P3FDB2","Green Aventurine Stretch Nugget","1.0","ea","1.00 ea","0.00 ea","0.00 ea","0.00 ea","0.00 ea","06/07/2025","$0","$0","$0","$0","$0",
"6RUVV42L7CERNNKAXQPGSBCO","Default Title","1.0","ea","1.00 ea","0.00 ea","0.00 ea","0.00 ea","0.00 ea","06/07/2025","$0","$0","$0","$0","$0","{}"
"QO26QD7KVDBY66CDF3EVZOZ6","HAWSER 10 MM Rope Chain | 970861","29.0","ea","400.00 ea","0.00 ea","0.00 ea","0.00 ea","0.00 ea","05/10/2025","$0","$0","$0","$0","$0",
"E4N6Q2Y2CAP4NNGNN6ONB6QK","18"" Silver","29.0","ea","100.00 ea","0.00 ea","0.00 ea","0.00 ea","0.00 ea","05/10/2025","$0","$0","$0","$0","$0","{}"
"YSPLVWXIAXUDV4QS75NAVTJN","20"" Silver","29.0","ea","100.00 ea","0.00 ea","0.00 ea","0.00 ea","0.00 ea","05/10/2025","$0","$0","$0","$0","$0","{}"
"345TLNS4XQLSALXQRP3HDRZG","22"" Silver","29.0","ea","100.00 ea","0.00 ea","0.00 ea","0.00 ea","0.00 ea","05/10/2025","$0","$0","$0","$0","$0","{}"
"QNVHMOLDADGTHDN5XWYAWX2J","24"" Silver","29.0","ea","100.00 ea","0.00 ea","0.00 ea","0.00 ea","0.00 ea","05/10/2025","$0","$0","$0","$0","$0","{}"
"UNWAZGSHWHIFJZQJQZDN52Q4","Handmade Black Copal Incense - 7 Sticks","1.0","ea","3.00 ea","0.00 ea","0.00 ea","0.00 ea","0.00 ea","06/07/2025","$0","$0","$0","$0","$0",
"COQRKAZVWYQ6YSL2IMUTCS2B","Default Title","1.0","ea","3.00 ea","0.00 ea","0.00 ea","0.00 ea","0.00 ea","06/07/2025","$0","$0","$0","$0","$0","{}"
"ARDXCICIAVIU6IKJAE2T3D3G","Handmade Natural Eucalyptus Incense Sticks, 7 Sticks","1.0","ea","1.00 ea","0.00 ea","0.00 ea","0.00 ea","0.00 ea","06/07/2025","$0","$0","$0","$0","$0",
"UNUAFJ4NMZTRHNZTZYCZ74WT","Default Title","1.0","ea","1.00 ea","0.00 ea","0.00 ea","0.00 ea","0.00 ea","06/07/2025","$0","$0","$0","$0","$0","{}"
"PJCBY7AJWRHEZNBWGQYDJQD2","Handmade Nepal Tibetan Buddhist Brass Singing Bowl","29.0","ea","13.00 ea","0.00 ea","0.00 ea","0.00 ea","0.00 ea","05/11/2025","$0","$0","$0","$0","$0",
"3ZKK2NCOBNRKD6Y4VUIGWK5H","-","29.0","ea","13.00 ea","0.00 ea","0.00 ea","0.00 ea","0.00 ea","05/11/2025","$0","$0","$0","$0","$0","{}"
"X2YPDOWG2AUHXIBRXWMV3H5D","Harmony Meditation Fountain With Led Light","29.0","ea","9.00 ea","0.00 ea","0.00 ea","0.00 ea","0.00 ea","05/11/2025","$0","$0","$0","$0","$0",
"XJA5J6OPKJ55R4BXNEW3ZQNZ","1","29.0","ea","9.00 ea","0.00 ea","0.00 ea","0.00 ea","0.00 ea","05/11/2025","$0","$0","$0","$0","$0","{}"
"WYLEEVRSN47SUY4W6B22MQLS","Heart Box With Crystals In Lid","29.0","ea","100.00 ea","0.00 ea","0.00 ea","0.00 ea","0.00 ea","05/11/2025","$0","$0","$0","$0","$0",
"76N44WTQCD565H2YU6TZ4HV3","-","29.0","ea","100.00 ea","0.00 ea","0.00 ea","0.00 ea","0.00 ea","05/11/2025","$0","$0","$0","$0","$0","{}"
"NYHFFJWNL6SBLCEL4ATXWWTH","Heart Chakra Incense Sticks","29.0","ea","242.00 ea","0.00 ea","0.00 ea","0.00 ea","0.00 ea","05/11/2025","$0","$0","$0","$0","$0",
"PL4SS4FMDYQLITICW3ARA3YM","-","29.0","ea","242.00 ea","0.00 ea","0.00 ea","0.00 ea","0.00 ea","05/11/2025","$0","$0","$0","$0","$0","{}"
"E2OJC3TFJ7WEXCSBWGD66XXK","Heart chakra Crystal Singing Bowl","1.0","ea","1.00 ea","0.00 ea","0.00 ea","0.00 ea","0.00 ea","06/07/2025","$0","$0","$0","$0","$0",
"EOK4AI2JIZ3MGBRZEDQAUWRX","Default Title","1.0","ea","1.00 ea","0.00 ea","0.00 ea","0.00 ea","0.00 ea","06/07/2025","$0","$0","$0","$0","$0","{}"
"3NAAOJOQ5IJLJCYO5VK7HWXN","High Vibe Home Kit with Selenite, Palo Santo, Copal, Black Tourmaline,","29.0","ea","100.00 ea","0.00 ea","0.00 ea","0.00 ea","0.00 ea","05/11/2025","$0","$0","$0","$0","$0",
"3CL2WRCIHZKQLQEJNSWUN775","-","29.0","ea","100.00 ea","0.00 ea","0.00 ea","0.00 ea","0.00 ea","05/11/2025","$0","$0","$0","$0","$0","{}"
"72DRBWRSYUSUBMVNB4PQDSZ7","I am loved - Eternal Love Crystal Infused Reed Diffuser - Rose Scented","29.0","ea","1.00 ea","0.00 ea","0.00 ea","0.00 ea","0.00 ea","05/11/2025","$0","$0","$0","$0","$0",
"75B4E6XORO75KOCVQNR5ZL76","-","29.0","ea","1.00 ea","0.00 ea","0.00 ea","0.00 ea","0.00 ea","05/11/2025","$0","$0","$0","$0","$0","{}"
"V2QZML4EDUMZ3LKKT3NQGEKI","Imperial Jasper Purple Heart Bracelet","2.0","ea","100.00 ea","0.00 ea","0.00 ea","0.00 ea","0.00 ea","06/07/2025","$0","$0","$0","$0","$0",
"DX5P73OAVJUYL5V3ZV2IKSYS","Regular, Purple","2.0","ea","100.00 ea","0.00 ea","0.00 ea","0.00 ea","0.00 ea","06/07/2025","$0","$0","$0","$0","$0","{}"
"Y7TJVNEUP7ZSD3A75JDV5OKH","Imperial Jasper Purple Heart Bracelet","29.0","ea","100.00 ea","0.00 ea","0.00 ea","0.00 ea","0.00 ea","05/11/2025","$0","$0","$0","$0","$0",
"T3JXPC2P5W57HJEXFCMMI6ET","Regular, Purple","29.0","ea","100.00 ea","0.00 ea","0.00 ea","0.00 ea","0.00 ea","05/11/2025","$0","$0","$0","$0","$0","{}"
"LOTK33JIIVZG2BVLK6RSM4VV","Insight + Energy Crystal Set","29.0","ea","100.00 ea","0.00 ea","0.00 ea","0.00 ea","0.00 ea","05/11/2025","$0","$0","$0","$0","$0",
"MMGT6FSR7ZULMXJYTKKNHYH3","Insight+Energy Set","29.0","ea","100.00 ea","0.00 ea","0.00 ea","0.00 ea","0.00 ea","05/11/2025","$0","$0","$0","$0","$0","{}"
"YHH4FEAB36WFYC7CXXLF3CN3","Insight + Energy Crystal Set","1.0","ea","100.00 ea","0.00 ea","0.00 ea","0.00 ea","0.00 ea","06/07/2025","$0","$0","$0","$0","$0",
"UWQI5SBXHWPUDHMLNB4L7NCW","Insight+Energy Set","1.0","ea","100.00 ea","0.00 ea","0.00 ea","0.00 ea","0.00 ea","06/07/2025","$0","$0","$0","$0","$0","{}"
"LR25GUIGHH2GCZ6APQX6XG6K","Jasmine Essential Body + Massage Oil","29.0","ea","85.00 ea","0.00 ea","0.00 ea","0.00 ea","0.00 ea","05/11/2025","$0","$0","$0","$0","$0",
"Z5HHX7C4WMFDHCZ4PAJFETLG","-","29.0","ea","85.00 ea","0.00 ea","0.00 ea","0.00 ea","0.00 ea","05/11/2025","$0","$0","$0","$0","$0","{}"
"OXD4B6V4J3CVIHQY6DQR3RQL","L'ORACLE BY SISTERS ASTRO","29.0","ea","100.00 ea","0.00 ea","0.00 ea","0.00 ea","0.00 ea","05/10/2025","$0","$0","$0","$0","$0",
"FPKKAOH7DBHH42GDWROGKKTG","-","29.0","ea","100.00 ea","0.00 ea","0.00 ea","0.00 ea","0.00 ea","05/10/2025","$0","$0","$0","$0","$0","{}"
"EOC5MCLBXS2RM3AWJXM5CBTM","LED Motion Sensor Light Wireless LED Night Light Type C Rechargeable","0.9","ea","10287.00 ea","0.00 ea","0.00 ea","0.00 ea","0.00 ea","06/09/2025","$0","$0","$0","$0","$0",
"4AAE63JBELQOOFKQP7YRPIMH","3color in one Lamp, 10CM","1.0","ea","170.00 ea","0.00 ea","0.00 ea","0.00 ea","0.00 ea","06/08/2025","$0","$0","$0","$0","$0","{}"
"OWXBVLX2EVPTBLD24OCRPNJE","3color in one Lamp, 20CM","1.0","ea","85.00 ea","0.00 ea","0.00 ea","0.00 ea","0.00 ea","06/08/2025","$0","$0","$0","$0","$0","{}"
"NFDBCRBVQTARMPCC4Q3ASWTA","3color in one Lamp, 30CM","1.0","ea","306.00 ea","0.00 ea","0.00 ea","0.00 ea","0.00 ea","06/07/2025","$0","$0","$0","$0","$0","{}"
"FDNC62URF22KODG3HOIHNNXP","3color in one Lamp, 50CM","1.0","ea","512.00 ea","0.00 ea","0.00 ea","0.00 ea","0.00 ea","06/07/2025","$0","$0","$0","$0","$0","{}"
"EYPWPI2GLBUTZ3O4E7VNFT5A","Cold White Light, 10CM","1.0","ea","666.00 ea","0.00 ea","0.00 ea","0.00 ea","0.00 ea","06/08/2025","$0","$0","$0","$0","$0","{}"
"2FKWVKI37MOJUJLVO4K4MH4P","Cold White Light, 20CM","1.0","ea","884.00 ea","0.00 ea","0.00 ea","0.00 ea","0.00 ea","06/08/2025","$0","$0","$0","$0","$0","{}"
"PIWKQJZ6M7V2VNBXWDZL5BCA","Cold White Light, 30CM","0.9","ea","3371.00 ea","0.00 ea","0.00 ea","0.00 ea","0.00 ea","06/09/2025","$0","$0","$0","$0","$0","{}"
"K6N6KEJ7ZJV5JRXLPK6VPQXW","Cold White Light, 50CM","1.0","ea","1045.00 ea","0.00 ea","0.00 ea","0.00 ea","0.00 ea","06/07/2025","$0","$0","$0","$0","$0","{}"
"CTIN2NPZQ4PHUAORGPDOIKTU","Warm White Light, 10CM","1.0","ea","263.00 ea","0.00 ea","0.00 ea","0.00 ea","0.00 ea","06/08/2025","$0","$0","$0","$0","$0","{}"
"HX35QYZERXBAY4UJA7CPSDZU","Warm White Light, 20CM","1.0","ea","561.00 ea","0.00 ea","0.00 ea","0.00 ea","0.00 ea","06/07/2025","$0","$0","$0","$0","$0","{}"
"KTOZ4JLEXRVKHMPSCYTIX24M","Warm White Light, 30CM","0.8","ea","1360.00 ea","0.00 ea","0.00 ea","0.00 ea","0.00 ea","06/09/2025","$0","$0","$0","$0","$0","{}"
"BXUO27NE547W2AXCXCVZD5JP","Warm White Light, 50CM","1.0","ea","1064.00 ea","0.00 ea","0.00 ea","0.00 ea","0.00 ea","06/08/2025","$0","$0","$0","$0","$0","{}"
"RLDPJM7DABDTM6JWJO6YLMGG","LagunaMoon Aroma Diffuser with Essential Oils Gift 10 Set Kit","29.0","ea","96.00 ea","0.00 ea","0.00 ea","0.00 ea","0.00 ea","05/11/2025","$0","$0","$0","$0","$0",
"ZUKD5MDREO7WORFFFY5YDOZE","-","29.0","ea","96.00 ea","0.00 ea","0.00 ea","0.00 ea","0.00 ea","05/11/2025","$0","$0","$0","$0","$0","{}"
"TRFVEG2XZR3NKXHH5FKQSL2A","Large Round Point Selenite Stilo Wand","29.0","ea","150.00 ea","0.00 ea","0.00 ea","0.00 ea","0.00 ea","05/11/2025","$0","$0","$0","$0","$0",
"CWQJHKS3VPKIDIGJ3XNNHU3Q","-","29.0","ea","150.00 ea","0.00 ea","0.00 ea","0.00 ea","0.00 ea","05/11/2025","$0","$0","$0","$0","$0","{}"
"KOA7Q5L5QCKUMKRP5E3BO63N","Larimar Bracelet in Natural Pearls 8/10mm - Smooth Round Semi-Precious","1.0","ea","1.00 ea","0.00 ea","0.00 ea","0.00 ea","0.00 ea","06/07/2025","$0","$0","$0","$0","$0",
"WVHN5O7ETTWHXOZLMBYMZ5ZR","Default Title","1.0","ea","1.00 ea","0.00 ea","0.00 ea","0.00 ea","0.00 ea","06/07/2025","$0","$0","$0","$0","$0","{}"
"63WQJW4OFEI5FKZSXRWK3ETG","Lavender Mint Splash Sea Salt Bar","29.0","ea","38.00 ea","0.00 ea","0.00 ea","0.00 ea","0.00 ea","05/11/2025","$0","$0","$0","$0","$0",
"THZG44SMDG6MXWL5NKBQBAK4","Lavender Mint Splash Salt Bar","29.0","ea","38.00 ea","0.00 ea","0.00 ea","0.00 ea","0.00 ea","05/11/2025","$0","$0","$0","$0","$0","{}"
"LSNBF7K3VBUHSIZEDMVERDQX","Lime Pure Essential Oil Bottle - 15ml","29.0","ea","100.00 ea","0.00 ea","0.00 ea","0.00 ea","0.00 ea","05/11/2025","$0","$0","$0","$0","$0",
"5PL3LLEQ7OKAJNTTZSE4SSXU","-","29.0","ea","100.00 ea","0.00 ea","0.00 ea","0.00 ea","0.00 ea","05/11/2025","$0","$0","$0","$0","$0","{}"
"HHPVQJW24S3RWZXS3D5V2OKY","Lotus Flower Incense Holder","27.5","ea","10.00 ea","0.00 ea","0.00 ea","0.00 ea","0.00 ea","05/13/2025","$0","$0","$0","$0","$0",
"CPHBEZFVIK625CRXBJNYWQEZ","30L x 30W x 3Th Centimeters, Brwon","27.5","ea","10.00 ea","0.00 ea","0.00 ea","0.00 ea","0.00 ea","05/13/2025","$0","$0","$0","$0","$0","{}"
"ZWXXJZQPW4ULWY3O2RYYEUAC","Lotus Incense Burner – Black Ceramic Ash Catcher for Sticks","29.0","ea","10.00 ea","0.00 ea","0.00 ea","0.00 ea","0.00 ea","05/11/2025","$0","$0","$0","$0","$0",
"V2C5QRH7LU5234ANGU3OAPBQ","10L x 5W x 3Th Centimeters, black","29.0","ea","10.00 ea","0.00 ea","0.00 ea","0.00 ea","0.00 ea","05/11/2025","$0","$0","$0","$0","$0","{}"
"V3W45LFF3ECYSVGCC6J5BEAN","Milano Ultrasonic Usb Diffuser With 10 Aroma Oils 130Ml","29.0","ea","199.00 ea","0.00 ea","0.00 ea","0.00 ea","0.00 ea","05/11/2025","$0","$0","$0","$0","$0",
"54Z2CNJGZ7SNMSM6LQQWW345","Dark Wood","29.0","ea","99.00 ea","0.00 ea","0.00 ea","0.00 ea","0.00 ea","05/11/2025","$0","$0","$0","$0","$0","{}"
"BAEILDE7WVYJS6X47P2VFRMV","Light Wood","29.0","ea","100.00 ea","0.00 ea","0.00 ea","0.00 ea","0.00 ea","05/11/2025","$0","$0","$0","$0","$0","{}"
"ZB544WKIKSH2ARU6ENBY5U3B","Mini Magnetic Vase (plants not included)","2.0","ea","2533.00 ea","0.00 ea","0.00 ea","0.00 ea","0.00 ea","06/07/2025","$0","$0","$0","$0","$0",
"44M7BZCVCPQCFWWLZWS5ARE2","A","2.0","ea","342.00 ea","0.00 ea","0.00 ea","0.00 ea","0.00 ea","06/07/2025","$0","$0","$0","$0","$0","{}"
"DDQCVGRNNQKUIU7237H5NQ2M","B","2.0","ea","366.00 ea","0.00 ea","0.00 ea","0.00 ea","0.00 ea","06/07/2025","$0","$0","$0","$0","$0","{}"
"WCJMRBV6BLZ2HAQPJIF5MLMG","C","2.0","ea","365.00 ea","0.00 ea","0.00 ea","0.00 ea","0.00 ea","06/07/2025","$0","$0","$0","$0","$0","{}"
"KWJ5QXVCCHRXEHEUJHQ6VZHK","D","2.0","ea","367.00 ea","0.00 ea","0.00 ea","0.00 ea","0.00 ea","06/07/2025","$0","$0","$0","$0","$0","{}"
"ZZMJIKBZCM6AKZ77C5ES4ZBI","E","2.0","ea","359.00 ea","0.00 ea","0.00 ea","0.00 ea","0.00 ea","06/07/2025","$0","$0","$0","$0","$0","{}"
"X63BHLSK2RPHEVANMM4NK4SU","F","2.0","ea","368.00 ea","0.00 ea","0.00 ea","0.00 ea","0.00 ea","06/07/2025","$0","$0","$0","$0","$0","{}"
"KIVWYQ4GHMCXOZOEMFZ7RW3P","G","2.0","ea","366.00 ea","0.00 ea","0.00 ea","0.00 ea","0.00 ea","06/07/2025","$0","$0","$0","$0","$0","{}"

